label,f0,f1,f2,f3,f4,f5,f6,f7,f8,f9,f10,f11,f12,f13,f14,f15,f16,f17,f18,f19,f20,f21,f22,f23,f24,f25,f26,f27,f28,f29,f30,f31,f32,f33,f34,f35,f36,f37,f38,f39,f40,f41,f42,f43,f44,f45,f46,f47,f48,f49,f50,f51,f52,f53,f54,f55,f56,f57,f58,f59,f60,f61,f62
rock,0.0,0.0,0.0,-0.12359282374382019,-0.28747984766960144,0.05480740964412689,-0.28577858209609985,-0.5308101177215576,0.03923417255282402,-0.47646820545196533,-0.6580328345298767,0.0013682167045772076,-0.630092203617096,-0.7263016104698181,-0.02283673919737339,-0.12446966022253036,-0.9109236001968384,0.0627107247710228,-0.5185369253158569,-0.8549299240112305,-0.01463797502219677,-0.5039045214653015,-0.6157634258270264,-0.06078619509935379,-0.40884003043174744,-0.5316610336303711,-0.08384726196527481,-0.1585717350244522,-0.88224858045578,-0.003335812361910939,-0.583676815032959,-0.7470464110374451,-0.07611512392759323,-0.5242628455162048,-0.5249300003051758,-0.08185809850692749,-0.41151538491249084,-0.4874228239059448,-0.07881957292556763,-0.2234126478433609,-0.7996205687522888,-0.07507011294364929,-0.6181327104568481,-0.6580979824066162,-0.13017092645168304,-0.5412597060203552,-0.43920376896858215,-0.09124176949262619,-0.42457371950149536,-0.41573742032051086,-0.06361452490091324,-0.30482038855552673,-0.680665135383606,-0.1470436006784439,-0.6055040955543518,-0.5598030090332031,-0.19382843375205994,-0.5477507710456848,-0.3795405328273773,-0.17664413154125214,-0.4436134994029999,-0.35027095675468445,-0.1544186919927597
paper,0.0,0.0,0.0,-0.13614782691001892,-0.013199497014284134,-0.0320623405277729,-0.26531288027763367,-0.08138757199048996,-0.0510757640004158,-0.3466529846191406,-0.11743029952049255,-0.07173670083284378,-0.3975871205329895,-0.13914291560649872,-0.09465308487415314,-0.23741070926189423,-0.443060040473938,-0.01659199595451355,-0.311922162771225,-0.6130154728889465,-0.04464820399880409,-0.35890665650367737,-0.714635968208313,-0.0736251249909401,-0.3949930667877197,-0.8058555126190186,-0.09778335690498352,-0.17687788605690002,-0.4923560619354248,-0.036074310541152954,-0.2285255640745163,-0.7085405588150024,-0.058841101825237274,-0.25782573223114014,-0.8439822196960449,-0.08390907198190689,-0.27633246779441833,-0.9552491903305054,-0.10554354637861252,-0.10817054659128189,-0.4973665177822113,-0.06401445716619492,-0.13081057369709015,-0.7128285765647888,-0.0920720025897026,-0.14504295587539673,-0.8479307889938354,-0.11797776818275452,-0.15776251256465912,-0.965942919254303,-0.13919635117053986,-0.03757170960307121,-0.4678250849246979,-0.09666351974010468,-0.037995073944330215,-0.6432941555976868,-0.12598243355751038,-0.03985092416405678,-0.7654958963394165,-0.14203666150569916,-0.04503163695335388,-0.8827384114265442,-0.15549278259277344
scissors,0.0,0.0,0.0,-0.013052773661911488,-0.22388270497322083,-0.00484302407130599,-0.12141893804073334,-0.36146873235702515,-0.03003654256463051,-0.2615059018135071,-0.3402200937271118,-0.05609753727912903,-0.35487622022628784,-0.27922719717025757,-0.08521018177270889,-0.17771019041538239,-0.4351491332054138,-0.09299175441265106,-0.3264179229736328,-0.6489043831825256,-0.13787774741649628,-0.41642266511917114,-0.7682364583015442,-0.15702639520168304,-0.49057215452194214,-0.8557217121124268,-0.16455799341201782,-0.25055304169654846,-0.33272746205329895,-0.10637251287698746,-0.4484659433364868,-0.486249715089798,-0.14254483580589294,-0.5716356635093689,-0.5668657422065735,-0.15559183061122894,-0.6663288474082947,-0.6159136891365051,-0.162221297621727,-0.29626885056495667,-0.21176663041114807,-0.11132587492465973,-0.4024270176887512,-0.2883664667606354,-0.13662299513816833,-0.33790233731269836,-0.2728860378265381,-0.11964554339647293,-0.2798125445842743,-0.2365076094865799,-0.09832500666379929,-0.3196192681789398,-0.09238092601299286,-0.11590936034917831,-0.36009588837623596,-0.1529877632856369,-0.12310606241226196,-0.3079768121242523,-0.1435147225856781,-0.0967891737818718,-0.2641284465789795,-0.1182902380824089,-0.06952927261590958
scissors,0.0,0.0,0.0,-0.05535494536161423,-0.1143304780125618,-0.09125517308712006,-0.05835016816854477,-0.2846812605857849,-0.12011159211397171,0.03658667579293251,-0.4283159375190735,-0.14119036495685577,0.1166001483798027,-0.5247140526771545,-0.15635019540786743,-0.12218080461025238,-0.5262434482574463,-0.03918701410293579,-0.15460625290870667,-0.7393046021461487,-0.07398044317960739,-0.1688002049922943,-0.867620050907135,-0.09763368219137192,-0.1835595965385437,-0.9756504893302917,-0.11151009798049927,-0.030620452016592026,-0.5319751501083374,-0.024046236649155617,-0.02218259871006012,-0.7629820108413696,-0.057245735079050064,0.0022157803177833557,-0.8925248384475708,-0.08043835312128067,0.02026122435927391,-0.9959085583686829,-0.08806662261486053,0.04743696004152298,-0.47368690371513367,-0.02164352498948574,0.10322706401348114,-0.5554695129394531,-0.0943683534860611,0.10576290637254715,-0.43062734603881836,-0.11693703383207321,0.0947413370013237,-0.3375953733921051,-0.10658418387174606,0.1083519235253334,-0.3831966817378998,-0.025940466672182083,0.15988145768642426,-0.42363327741622925,-0.09203573316335678,0.1514890491962433,-0.32546040415763855,-0.10173951834440231,0.13341723382472992,-0.24693013727664948,-0.09049786627292633
scissors,0.0,0.0,0.0,-0.11170479655265808,-0.22517256438732147,-0.026217184960842133,-0.3131645917892456,-0.27391061186790466,-0.05900182947516441,-0.4872320294380188,-0.1738496571779251,-0.08388862758874893,-0.5993790030479431,-0.0922728180885315,-0.10646720975637436,-0.3445017337799072,-0.3123631477355957,-0.12974326312541962,-0.6049649119377136,-0.39537960290908813,-0.17813590168952942,-0.7452560067176819,-0.4354056715965271,-0.1959666609764099,-0.8647186160087585,-0.45923087000846863,-0.20339326560497284,-0.37518569827079773,-0.13319654762744904,-0.12835748493671417,-0.6602888107299805,-0.13470390439033508,-0.17623364925384521,-0.8233000040054321,-0.1416296511888504,-0.1911384016275406,-0.9550420641899109,-0.12968547642230988,-0.1994664967060089,-0.38143593072891235,0.024990340694785118,-0.11622312664985657,-0.5956769585609436,-0.012424344196915627,-0.14867079257965088,-0.5306965708732605,-0.08261651545763016,-0.12018946558237076,-0.462485671043396,-0.09304135292768478,-0.09023144096136093,-0.3689470887184143,0.13528266549110413,-0.10488075762987137,-0.4838702082633972,0.04071252420544624,-0.11876966804265976,-0.4340210556983948,-0.012266822159290314,-0.08842936158180237,-0.3822205066680908,-0.012366940267384052,-0.05751009285449982
scissors,0.0,0.0,0.0,0.015014441683888435,-0.1968621015548706,-0.08273806422948837,0.1025255098938942,-0.3325451612472534,-0.1256794035434723,0.2732871472835541,-0.3105611801147461,-0.1667468249797821,0.3966594338417053,-0.22800064086914062,-0.19994749128818512,0.3033764660358429,-0.48451605439186096,-0.05064094439148903,0.44046148657798767,-0.6408520936965942,-0.10436180233955383,0.5243370532989502,-0.7104537487030029,-0.15525373816490173,0.6052048802375793,-0.7649714946746826,-0.19830451905727386,0.39020317792892456,-0.35847988724708557,-0.05475497990846634,0.5882095098495483,-0.44955575466156006,-0.10886889696121216,0.7051090002059937,-0.4840036928653717,-0.16598528623580933,0.8239511251449585,-0.525187611579895,-0.21279661357402802,0.4114909768104553,-0.22274312376976013,-0.06863495707511902,0.5853424072265625,-0.27643463015556335,-0.13971687853336334,0.4689525067806244,-0.22697745263576508,-0.1475684493780136,0.37287941575050354,-0.1937694102525711,-0.14112551510334015,0.38755643367767334,-0.060655828565359116,-0.09184607118368149,0.5091493725776672,-0.08716536313295364,-0.1533403992652893,0.4315425753593445,-0.07994561642408371,-0.15404555201530457,0.343871146440506,-0.0733715295791626,-0.1456613838672638
scissors,0.0,0.0,0.0,0.048567451536655426,-0.2971203327178955,-0.002066562185063958,0.18932907283306122,-0.45560771226882935,0.012426063418388367,0.3106635808944702,-0.4043310284614563,0.02930949255824089,0.3794293999671936,-0.3062615990638733,0.04618488997220993,0.4340839385986328,-0.38286975026130676,0.006645448040217161,0.6390424966812134,-0.48069024085998535,0.03759264573454857,0.7503368854522705,-0.5185103416442871,0.06286579370498657,0.8396580219268799,-0.53682541847229,0.08241945505142212,0.46990278363227844,-0.20457282662391663,0.026875562965869904,0.650277316570282,-0.28961822390556335,0.0849902331829071,0.7444584369659424,-0.32810717821121216,0.12058068066835403,0.7982150316238403,-0.3349402844905853,0.14213956892490387,0.448020339012146,-0.04875659570097923,0.04626655578613281,0.46576979756355286,-0.16837093234062195,0.09175242483615875,0.3957193195819855,-0.19746451079845428,0.0796506404876709,0.32741352915763855,-0.17454347014427185,0.07140233367681503,0.4149210751056671,0.05020701885223389,0.06603874266147614,0.4156995713710785,-0.04697486013174057,0.09805082529783249,0.354190856218338,-0.07042545825242996,0.09450937062501907,0.2935502529144287,-0.047622162848711014,0.0923619419336319
rock,0.0,0.0,0.0,-0.18208877742290497,-0.271664559841156,-0.034395117312669754,-0.2650412917137146,-0.5807023048400879,-0.07930538058280945,-0.2830502390861511,-0.8105266094207764,-0.13621678948402405,-0.1982520967721939,-0.9655399322509766,-0.16860832273960114,0.14598332345485687,-0.8476495742797852,0.058628011494874954,-0.12418357282876968,-0.9648407101631165,-0.05359290540218353,-0.1545400470495224,-0.7482786774635315,-0.13035531342029572,-0.08044420182704926,-0.6611101031303406,-0.17521335184574127,0.21947364509105682,-0.8357976675033569,0.022278686985373497,-0.12035194039344788,-0.9322402477264404,-0.09416121244430542,-0.134992316365242,-0.6820070743560791,-0.11659490317106247,-0.030015423893928528,-0.6119593381881714,-0.10883425176143646,0.2491692155599594,-0.794855535030365,-0.03666076064109802,-0.09655801206827164,-0.8537908792495728,-0.1361318826675415,-0.10522246360778809,-0.6103925108909607,-0.10095887631177902,-0.0011155398096889257,-0.5442057251930237,-0.058396290987730026,0.23329000174999237,-0.7235033512115479,-0.1070217415690422,-0.06218789890408516,-0.7204856872558594,-0.18232271075248718,-0.06121275946497917,-0.5335583686828613,-0.1773172914981842,0.039188120514154434,-0.4632423222064972,-0.15301910042762756
rock,0.0,0.0,0.0,-0.20379333198070526,-0.15074999630451202,-0.11088823527097702,-0.33584707975387573,-0.4624972641468048,-0.12720708549022675,-0.2904295027256012,-0.7694094777107239,-0.13865239918231964,-0.22844937443733215,-0.9532618522644043,-0.12348729372024536,-0.503169059753418,-0.5615667104721069,0.03588344156742096,-0.49266842007637024,-0.8658708333969116,-0.08686497807502747,-0.4024008512496948,-0.676919162273407,-0.14934282004833221,-0.3892539143562317,-0.5655997395515442,-0.1686280220746994,-0.3417443037033081,-0.6231851577758789,0.04608500003814697,-0.31269899010658264,-0.90348219871521,-0.08188106119632721,-0.24597668647766113,-0.6425451040267944,-0.11590734869241714,-0.28216907382011414,-0.5775349140167236,-0.10078120231628418,-0.18078875541687012,-0.653069257736206,0.024306107312440872,-0.13723649084568024,-0.8633872270584106,-0.11464835703372955,-0.10386671870946884,-0.5962355732917786,-0.1051788255572319,-0.16175709664821625,-0.5258383750915527,-0.058244891464710236,-0.03493252769112587,-0.6417319178581238,-0.007712937891483307,-0.006942395586520433,-0.8089701533317566,-0.09003109484910965,0.013526574708521366,-0.6062678694725037,-0.06818249076604843,-0.023605870082974434,-0.5091526508331299,-0.02779671549797058
rock,0.0,0.0,0.0,-0.1960003525018692,0.042175814509391785,-0.30425214767456055,-0.27549442648887634,-0.010945686139166355,-0.5020432472229004,-0.07098954916000366,-0.00765151297673583,-0.6355319023132324,0.13186803460121155,-0.03910178318619728,-0.7326693534851074,-0.29624471068382263,-0.8374101519584656,-0.42510998249053955,-0.07593780010938644,-0.4862791895866394,-0.6215391159057617,-0.12465281784534454,-0.3375283479690552,-0.7357658743858337,-0.207956463098526,-0.3786737620830536,-0.8226926922798157,-0.05523344501852989,-0.9335395097732544,-0.35419386625289917,0.18961216509342194,-0.45136573910713196,-0.5475731492042542,0.11283134669065475,-0.2525538504123688,-0.6002167463302612,0.026583123952150345,-0.3179227411746979,-0.6393494009971619,0.1525907665491104,-0.8882275223731995,-0.304032564163208,0.3803522288799286,-0.4050511419773102,-0.45981112122535706,0.28164488077163696,-0.23611494898796082,-0.431520938873291,0.17496517300605774,-0.32582196593284607,-0.41281992197036743,0.31160926818847656,-0.7620422840118408,-0.285271555185318,0.47734275460243225,-0.373955637216568,-0.4251212179660797,0.4025072753429413,-0.23344245553016663,-0.4480816125869751,0.3116368353366852,-0.30551794171333313,-0.45140883326530457
rock,0.0,0.0,0.0,-0.3214598298072815,-0.09380616247653961,-0.1816006451845169,-0.5940828919410706,-0.0971619263291359,-0.36300167441368103,-0.6407948732376099,0.13578641414642334,-0.5148059129714966,-0.45498576760292053,0.3658953011035919,-0.6553691029548645,-0.31186172366142273,-0.8671901226043701,-0.3432907164096832,-0.6650480628013611,-0.2187313735485077,-0.5432830452919006,-0.5644345879554749,-0.15265588462352753,-0.7163702845573425,-0.43429291248321533,-0.3314007818698883,-0.837593674659729,-0.025004617869853973,-0.7062468528747559,-0.3414726257324219,-0.4223136305809021,0.06189943104982376,-0.4497271478176117,-0.31459295749664307,-0.007023809943348169,-0.49415257573127747,-0.2039385437965393,-0.274543821811676,-0.5474500060081482,0.20553460717201233,-0.4218346178531647,-0.35156142711639404,-0.17584072053432465,0.2624475061893463,-0.39304763078689575,-0.12384288012981415,0.13042442500591278,-0.3276401162147522,-0.03627130016684532,-0.12495007365942001,-0.30027100443840027,0.36462756991386414,-0.08827172964811325,-0.39066049456596375,0.04990411177277565,0.4003996253013611,-0.43408480286598206,0.06466638296842575,0.26986902952194214,-0.3997775614261627,0.13942131400108337,0.012260465882718563,-0.37042343616485596
rock,0.0,0.0,0.0,-0.10661081969738007,-0.32617223262786865,-0.0024937244597822428,-0.3639911413192749,-0.565444827079773,-0.060891710221767426,-0.6391169428825378,-0.564835786819458,-0.12183740735054016,-0.7701371312141418,-0.42945533990859985,-0.17691625654697418,-0.25105687975883484,-0.7379801273345947,-0.14835357666015625,-0.642507016658783,-0.723163366317749,-0.2534155547618866,-0.5971682071685791,-0.5798577070236206,-0.28601276874542236,-0.4991098642349243,-0.5570358633995056,-0.2971363961696625,-0.2456706315279007,-0.5282084941864014,-0.20017804205417633,-0.6671103239059448,-0.48239198327064514,-0.3017144203186035,-0.5987947583198547,-0.3853587806224823,-0.28898128867149353,-0.493169903755188,-0.39364132285118103,-0.2744559645652771,-0.2668563425540924,-0.29279258847236633,-0.2498890608549118,-0.6560662984848022,-0.2627262473106384,-0.3407110571861267,-0.5708087086677551,-0.1964830607175827,-0.28845667839050293,-0.4538682699203491,-0.21485881507396698,-0.24142932891845703,-0.3021049499511719,-0.06671790033578873,-0.2963363826274872,-0.6052903532981873,-0.07403790950775146,-0.35313349962234497,-0.5501614809036255,-0.038491345942020416,-0.31810012459754944,-0.45699363946914673,-0.0418185256421566,-0.2846968173980713
rock,0.0,0.0,0.0,0.10226642340421677,-0.3147904574871063,0.025679990649223328,0.05916354060173035,-0.656623125076294,-0.0012388337636366487,-0.12955427169799805,-0.8668963313102722,-0.03208271041512489,-0.28630557656288147,-0.9311001896858215,-0.056025438010692596,0.19051983952522278,-0.8309010863304138,-0.028091587126255035,-0.048696450889110565,-0.9963566064834595,-0.07001535594463348,-0.07733945548534393,-0.856293797492981,-0.09837774187326431,-0.031525492668151855,-0.7716440558433533,-0.11723063886165619,0.045133449137210846,-0.7834933400154114,-0.0676552951335907,-0.18742132186889648,-0.9236688613891602,-0.09194032847881317,-0.19744765758514404,-0.7893442511558533,-0.08624891191720963,-0.1385093331336975,-0.7016935348510742,-0.08616238832473755,-0.10654768347740173,-0.7065846920013428,-0.10268645733594894,-0.3050120174884796,-0.814826250076294,-0.1097816675901413,-0.2933792769908905,-0.686297595500946,-0.07068473100662231,-0.22632864117622375,-0.620939314365387,-0.05168730393052101,-0.2533547878265381,-0.6161224246025085,-0.13674227893352509,-0.3887178897857666,-0.6829730868339539,-0.1310882866382599,-0.3659895956516266,-0.5690866708755493,-0.09199150651693344,-0.30959680676460266,-0.5148678421974182,-0.06376947462558746
rock,0.0,0.0,0.0,0.2221911996603012,-0.29708367586135864,0.05111595243215561,0.24801719188690186,-0.6332594752311707,0.05174732208251953,0.10749967396259308,-0.862074077129364,0.046664923429489136,-0.06274327635765076,-0.9314327836036682,0.04210479184985161,0.3695405423641205,-0.828325092792511,0.02214970253407955,0.17643408477306366,-0.9836760759353638,0.03538921847939491,0.13664214313030243,-0.8340340852737427,0.02665707655251026,0.16381873190402985,-0.7349603176116943,0.012442164123058319,0.19053328037261963,-0.874009907245636,-0.010997269302606583,0.03626646846532822,-0.9745678901672363,0.035245586186647415,0.0058480799198150635,-0.8486954569816589,0.0437207967042923,0.032761503010988235,-0.7478257417678833,0.033243849873542786,0.002036993158981204,-0.8488895893096924,-0.03298089653253555,-0.11036202311515808,-0.9280098676681519,0.021934280171990395,-0.12156248092651367,-0.8006832003593445,0.04637289047241211,-0.09326452761888504,-0.7107445597648621,0.041284285485744476,-0.17310091853141785,-0.789190411567688,-0.05165931582450867,-0.22750528156757355,-0.8247167468070984,-0.0051238215528428555,-0.23011375963687897,-0.707760214805603,0.036584775894880295,-0.2090683877468109,-0.63138347864151,0.061460647732019424
rock,0.0,0.0,0.0,-0.17089390754699707,-0.2724301517009735,-0.034326355904340744,-0.25411951541900635,-0.5787535309791565,-0.06648155301809311,-0.23355145752429962,-0.8242573738098145,-0.11468790471553802,-0.1160995289683342,-0.9832651019096375,-0.14039461314678192,0.009272417053580284,-0.7705152034759521,0.06625143438577652,-0.09631628543138504,-0.9668538570404053,-0.04503358528017998,-0.14476682245731354,-0.7664536833763123,-0.09824225306510925,-0.0853886604309082,-0.6739664673805237,-0.12019620835781097,0.10760072618722916,-0.7531806826591492,0.03663163632154465,-0.04201357066631317,-0.9213402271270752,-0.10057332366704941,-0.08532710373401642,-0.6721299886703491,-0.1163046583533287,0.006822203751653433,-0.5973771214485168,-0.08921700716018677,0.198025181889534,-0.7272298336029053,-0.01806960627436638,0.013925057835876942,-0.855767011642456,-0.14490516483783722,-0.029939865693449974,-0.6142619252204895,-0.11138689517974854,0.06013873219490051,-0.5343245267868042,-0.05183709040284157,0.275993287563324,-0.6831653714179993,-0.08040851354598999,0.06680339574813843,-0.7823712229728699,-0.15452276170253754,0.0241625364869833,-0.6142050623893738,-0.13928890228271484,0.0975523516535759,-0.5296520590782166,-0.10294405370950699
rock,0.0,0.0,0.0,-0.20655162632465363,-0.20181898772716522,-0.03201483562588692,-0.3299447298049927,-0.5233474969863892,-0.053561050444841385,-0.2958291172981262,-0.8193474411964417,-0.09499544650316238,-0.14710742235183716,-0.9817110300064087,-0.12084252387285233,-0.1709056943655014,-0.7252666354179382,0.09017180651426315,-0.21792487800121307,-0.9408318400382996,-0.024837158620357513,-0.242649644613266,-0.7250832915306091,-0.06966008991003036,-0.19574856758117676,-0.646434485912323,-0.07701082527637482,-0.0493050217628479,-0.7179726362228394,0.0615057535469532,-0.10134103894233704,-0.9300825595855713,-0.06537298113107681,-0.14218094944953918,-0.6396142840385437,-0.06917408853769302,-0.08326815068721771,-0.5824659466743469,-0.024341974407434464,0.07215188443660736,-0.68453449010849,0.005095253232866526,0.0021818699315190315,-0.8771802186965942,-0.13148465752601624,-0.04630138725042343,-0.5826082825660706,-0.09181755036115646,0.01567716710269451,-0.5150445103645325,-0.01553750317543745,0.20831787586212158,-0.6248157620429993,-0.05463257431983948,0.11172077059745789,-0.7849539518356323,-0.12117436528205872,0.06834394484758377,-0.5913651585578918,-0.08287709951400757,0.12231691926717758,-0.5106222629547119,-0.026789305731654167
rock,0.0,0.0,0.0,-0.21205881237983704,-0.13459013402462006,-0.07290147989988327,-0.3575361967086792,-0.4567278325557709,-0.09473564475774765,-0.3316616714000702,-0.7831273674964905,-0.12659096717834473,-0.193846195936203,-0.9483094811439514,-0.1366897076368332,-0.3273078203201294,-0.671689510345459,0.053207240998744965,-0.37995749711990356,-0.9213342070579529,-0.08231367915868759,-0.3335554003715515,-0.6927714347839355,-0.13832035660743713,-0.2801970839500427,-0.6035107970237732,-0.14826223254203796,-0.1833624392747879,-0.6957910656929016,0.03563250973820686,-0.20151925086975098,-0.9576685428619385,-0.10344688594341278,-0.1876586377620697,-0.6532012820243835,-0.11188885569572449,-0.16295228898525238,-0.59610915184021,-0.06807978451251984,-0.03729354217648506,-0.6843683123588562,-0.013463511131703854,-0.044094547629356384,-0.8894685506820679,-0.16187457740306854,-0.05835362523794174,-0.5789052844047546,-0.1151217371225357,-0.04742379114031792,-0.5167244076728821,-0.031588658690452576,0.11904573440551758,-0.6469029188156128,-0.07109881937503815,0.0972532257437706,-0.8026782274246216,-0.14182642102241516,0.06860629469156265,-0.5832594037055969,-0.09166177362203598,0.07107487320899963,-0.5000280737876892,-0.02612381987273693
rock,0.0,0.0,0.0,-0.17706085741519928,-0.13524605333805084,-0.12994804978370667,-0.2971692383289337,-0.4178452491760254,-0.18272028863430023,-0.24873608350753784,-0.7086081504821777,-0.22547893226146698,-0.15518902242183685,-0.8895068764686584,-0.24099677801132202,-0.4318253993988037,-0.688685953617096,-0.035380687564611435,-0.37034738063812256,-0.9036310315132141,-0.1837632656097412,-0.2901802062988281,-0.6877089142799377,-0.2591923773288727,-0.2774125933647156,-0.5920682549476624,-0.2866777777671814,-0.25726866722106934,-0.7286278605461121,-0.02587307244539261,-0.18083317577838898,-0.9662769436836243,-0.18332539498806,-0.13531626760959625,-0.6763581037521362,-0.21672989428043365,-0.17545844614505768,-0.6055305004119873,-0.1961255818605423,-0.08752411603927612,-0.7391635179519653,-0.04567800089716911,-0.004656593780964613,-0.8852799534797668,-0.20725977420806885,0.002132866997271776,-0.5974105000495911,-0.18466874957084656,-0.06504663825035095,-0.5394186973571777,-0.12343879044055939,0.06377648562192917,-0.7089698910713196,-0.0758853480219841,0.12472739070653915,-0.8302773833274841,-0.16292491555213928,0.1199408769607544,-0.619823694229126,-0.1273079514503479,0.06375879049301147,-0.5436773896217346,-0.07366523891687393
rock,0.0,0.0,0.0,-0.026677114889025688,-0.10307072848081589,-0.30803340673446655,-0.07192766666412354,-0.3761512041091919,-0.39842164516448975,-0.01639326475560665,-0.659462034702301,-0.4109438955783844,0.04457665607333183,-0.8700399398803711,-0.3750303089618683,-0.418028861284256,-0.6545118093490601,-0.27770039439201355,-0.1681327074766159,-0.8619679808616638,-0.38366585969924927,-0.10003001987934113,-0.678978681564331,-0.38988804817199707,-0.17724871635437012,-0.5413044095039368,-0.37504369020462036,-0.3424272835254669,-0.782768726348877,-0.13869446516036987,-0.07365261018276215,-0.9458705186843872,-0.23943975567817688,-0.006435933988541365,-0.6932148933410645,-0.20203375816345215,-0.11096542328596115,-0.5941417813301086,-0.14915728569030762,-0.23937784135341644,-0.8405978679656982,-0.03247489035129547,-0.011459436267614365,-0.9867265820503235,-0.16198569536209106,0.04957215487957001,-0.7542234063148499,-0.1350110024213791,-0.03838680312037468,-0.6411463022232056,-0.08497611433267593,-0.13421975076198578,-0.8516752123832703,0.05278848856687546,0.035055775195360184,-0.9749744534492493,-0.06877654045820236,0.0791262686252594,-0.8326291441917419,-0.08814208954572678,0.011204120703041553,-0.7294650077819824,-0.07131867110729218
rock,0.0,0.0,0.0,-0.1936902552843094,-0.040538523346185684,-0.19775278866291046,-0.27832698822021484,-0.25119951367378235,-0.3120044469833374,-0.08266700059175491,-0.41699784994125366,-0.3840590715408325,0.10176032781600952,-0.5356219410896301,-0.4136832654476166,-0.2851182520389557,-0.8723700046539307,-0.26201558113098145,-0.07968392223119736,-0.6913111805915833,-0.3957422077655792,-0.07946230471134186,-0.5005939602851868,-0.43418940901756287,-0.10736795514822006,-0.5095102787017822,-0.4672713279724121,-0.09277389943599701,-0.9691165685653687,-0.2284865379333496,0.08624499291181564,-0.6179891228675842,-0.3741053640842438,-0.00326578039675951,-0.3596687614917755,-0.3701808452606201,-0.07952486723661423,-0.4145776629447937,-0.3605611324310303,0.08513455837965012,-0.9451703429222107,-0.2161237746477127,0.24613307416439056,-0.5892443656921387,-0.3363070785999298,0.15173529088497162,-0.3778543770313263,-0.27994394302368164,0.07406094670295715,-0.4413283169269562,-0.24151994287967682,0.24610859155654907,-0.8377190232276917,-0.22736084461212158,0.3450929820537567,-0.579037606716156,-0.331308513879776,0.27259838581085205,-0.4094790518283844,-0.3302668035030365,0.20951691269874573,-0.44160303473472595,-0.31832683086395264
rock,0.0,0.0,0.0,-0.21675284206867218,-0.23740838468074799,-0.09939394146203995,-0.3567066192626953,-0.4444948732852936,-0.1948215216398239,-0.44776391983032227,-0.5636460781097412,-0.28175222873687744,-0.38911688327789307,-0.5404224991798401,-0.3452211320400238,-0.01536181103438139,-0.9935588240623474,-0.11227169632911682,-0.35297873616218567,-0.8662294745445251,-0.24309948086738586,-0.3342439532279968,-0.6681932806968689,-0.31976771354675293,-0.2315727174282074,-0.6521193385124207,-0.36514660716056824,0.11038912087678909,-0.8746815919876099,-0.1284608691930771,-0.29504522681236267,-0.6757726669311523,-0.23986661434173584,-0.2609717547893524,-0.500424861907959,-0.25665509700775146,-0.15548233687877655,-0.5310530662536621,-0.25839516520500183,0.18577167391777039,-0.6738764643669128,-0.1628674566745758,-0.20101812481880188,-0.47583040595054626,-0.2485319972038269,-0.17266640067100525,-0.3323994278907776,-0.2081659436225891,-0.074304960668087,-0.3503761291503906,-0.1711978167295456,0.21628201007843018,-0.43430832028388977,-0.2132466435432434,-0.08568476140499115,-0.2958527207374573,-0.26576700806617737,-0.06468287110328674,-0.20840993523597717,-0.24659714102745056,0.02489081211388111,-0.21926550567150116,-0.2175004929304123
rock,0.0,0.0,0.0,-0.13034498691558838,-0.2921619117259979,-0.02214137278497219,-0.2645697295665741,-0.583160400390625,-0.07484465837478638,-0.42588838934898376,-0.7264410853385925,-0.1278478503227234,-0.5144546627998352,-0.7230230569839478,-0.16734188795089722,-0.02455095946788788,-0.9102115631103516,-0.07298523187637329,-0.37305015325546265,-0.9143133163452148,-0.1576852649450302,-0.3741987645626068,-0.757146418094635,-0.1942880004644394,-0.2888127863407135,-0.7220875024795532,-0.2149604856967926,-0.0022832027170807123,-0.7760789394378662,-0.10979828238487244,-0.4096481502056122,-0.749499499797821,-0.19323432445526123,-0.38069936633110046,-0.6034642457962036,-0.19166207313537598,-0.2912341058254242,-0.5866398811340332,-0.18743352591991425,-0.02327101118862629,-0.6039003133773804,-0.15254947543144226,-0.4104917645454407,-0.5848786234855652,-0.22309210896492004,-0.37528088688850403,-0.4489477872848511,-0.1863608956336975,-0.2851519286632538,-0.43500620126724243,-0.15699872374534607,-0.06880953907966614,-0.41201117634773254,-0.19880560040473938,-0.3807390332221985,-0.41860657930374146,-0.24493308365345,-0.357223242521286,-0.3236294686794281,-0.22653378546237946,-0.2767321467399597,-0.30604419112205505,-0.20605386793613434
rock,0.0,0.0,0.0,0.08277906477451324,-0.3121930956840515,0.029602641239762306,0.05062715336680412,-0.6365176439285278,-0.00021810163161717355,-0.1006198525428772,-0.869611382484436,-0.040276382118463516,-0.23418878018856049,-0.969710648059845,-0.06940373033285141,0.27123722434043884,-0.7883976101875305,-0.0020717778243124485,-0.019148383289575577,-0.9870226383209229,-0.05806763842701912,-0.06630490720272064,-0.8313535451889038,-0.09155280888080597,-0.019972575828433037,-0.7365299463272095,-0.11294791847467422,0.18350358307361603,-0.7757043838500977,-0.04999065026640892,-0.1304227113723755,-0.9475647211074829,-0.0944843590259552,-0.15013882517814636,-0.7910218834877014,-0.09594051539897919,-0.08922179788351059,-0.7036556601524353,-0.10080219060182571,0.0652155727148056,-0.7379611730575562,-0.09767637401819229,-0.2312166839838028,-0.8769017457962036,-0.13019879162311554,-0.23994870483875275,-0.7111655473709106,-0.10264912247657776,-0.1725311428308487,-0.6272130608558655,-0.0894973874092102,-0.06926782429218292,-0.6878098845481873,-0.14530140161514282,-0.3040637671947479,-0.7762004137039185,-0.17335423827171326,-0.3132159411907196,-0.6345477104187012,-0.16013118624687195,-0.2549208104610443,-0.5568765997886658,-0.1478709727525711
rock,0.0,0.0,0.0,-0.24209389090538025,-0.21327275037765503,0.019045541062951088,-0.3679017722606659,-0.49569109082221985,0.026530176401138306,-0.3318258821964264,-0.7777355909347534,-0.0034072783309966326,-0.2119002342224121,-0.977037787437439,-0.022259753197431564,-0.09323376417160034,-0.6751232743263245,0.17947563529014587,-0.17791081964969635,-0.9091814756393433,0.06253726780414581,-0.2262636125087738,-0.7069115042686462,-0.014739464037120342,-0.18347246944904327,-0.5655360221862793,-0.04517452418804169,0.009602440521121025,-0.6793285608291626,0.12623897194862366,-0.10443227738142014,-0.9388867616653442,-0.03343050554394722,-0.14021088182926178,-0.6444363594055176,-0.0934862270951271,-0.05772950500249863,-0.4921368956565857,-0.0799003317952156,0.13190054893493652,-0.6988710165023804,0.04831010475754738,-0.009556828066706657,-0.9416214227676392,-0.09815908968448639,-0.04418414458632469,-0.6347079277038574,-0.08544174581766129,0.049547020345926285,-0.48314687609672546,-0.022025424987077713,0.2802899181842804,-0.6982920169830322,-0.0307755246758461,0.11572335660457611,-0.9303849935531616,-0.11470954120159149,0.06393436342477798,-0.721152663230896,-0.0894509106874466,0.139143168926239,-0.5687425136566162,-0.03633248805999756
rock,0.0,0.0,0.0,-0.2376091629266739,-0.09866098314523697,-0.042645517736673355,-0.41356006264686584,-0.42536476254463196,-0.03702063113451004,-0.40133196115493774,-0.7742660641670227,-0.04961053282022476,-0.25741374492645264,-0.9650928378105164,-0.04830998182296753,-0.2936229407787323,-0.6192516684532166,0.11155866831541061,-0.35611093044281006,-0.8271234035491943,-0.0028197758365422487,-0.3407255709171295,-0.6139191389083862,-0.05787158012390137,-0.2940499186515808,-0.5369626879692078,-0.07219400256872177,-0.15118297934532166,-0.6586704850196838,0.09424634277820587,-0.20163366198539734,-0.8761932253837585,-0.03601566702127457,-0.19202052056789398,-0.5578749179840088,-0.05394551157951355,-0.1416608989238739,-0.47306838631629944,-0.01719999499619007,-0.00012212575529702008,-0.6708385944366455,0.04733114317059517,-0.05707778409123421,-0.8964704275131226,-0.09919817745685577,-0.06474187225103378,-0.5563244223594666,-0.054962385445833206,-0.01416379027068615,-0.43325212597846985,0.031021924689412117,0.17257145047187805,-0.6576876044273376,-0.004911830183118582,0.09586281329393387,-0.852611780166626,-0.08783700317144394,0.06621888279914856,-0.61668860912323,-0.047789741307497025,0.10312572121620178,-0.49041104316711426,0.015008840709924698
paper,0.0,0.0,0.0,-0.1280033141374588,-0.07857954502105713,-0.06657477468252182,-0.2436937391757965,-0.18520447611808777,-0.11353641003370285,-0.3504314124584198,-0.2642964720726013,-0.15654893219470978,-0.45072636008262634,-0.295043021440506,-0.1988597810268402,-0.12055312097072601,-0.5059692859649658,-0.051535576581954956,-0.15118464827537537,-0.7015069127082825,-0.09456302225589752,-0.16516439616680145,-0.8214496970176697,-0.1341545581817627,-0.17460037767887115,-0.9279831647872925,-0.16474756598472595,-0.03871038556098938,-0.5309183597564697,-0.055950865149497986,-0.042069289833307266,-0.7485103011131287,-0.0873112753033638,-0.046094249933958054,-0.8773872256278992,-0.11482653021812439,-0.05174025520682335,-0.9891595840454102,-0.1374274641275406,0.038520924746990204,-0.5082932114601135,-0.07080081105232239,0.04398093372583389,-0.7095896601676941,-0.10244405269622803,0.03842039033770561,-0.8273242115974426,-0.1217675656080246,0.027053769677877426,-0.9286213517189026,-0.13774089515209198,0.11528724431991577,-0.4511060416698456,-0.09356053173542023,0.15113325417041779,-0.6000605821609497,-0.11937199532985687,0.16562288999557495,-0.6989450454711914,-0.12811237573623657,0.1710061877965927,-0.7908996939659119,-0.13564500212669373
paper,0.0,0.0,0.0,-0.07963161915540695,-0.14324302971363068,0.012224587611854076,-0.07800645381212234,-0.3192250728607178,0.008668198250234127,-0.06061188131570816,-0.4245293140411377,-0.005879664793610573,-0.0563613623380661,-0.4855121970176697,-0.023557448759675026,-0.008936966769397259,-0.5024968385696411,0.00486715929582715,0.012894609943032265,-0.6986461281776428,-0.03468352183699608,0.02946510724723339,-0.8311548233032227,-0.06622562557458878,0.049612466245889664,-0.9381140470504761,-0.08997123688459396,0.014347413554787636,-0.4843258261680603,-0.03613961860537529,0.03459905833005905,-0.7048444151878357,-0.08020157366991043,0.0578269399702549,-0.8567931652069092,-0.11523459106683731,0.08146265149116516,-0.9869398474693298,-0.1389733999967575,0.034300174564123154,-0.439740926027298,-0.08010055869817734,0.058880627155303955,-0.6544992923736572,-0.12258981913328171,0.08099246025085449,-0.7956817150115967,-0.1503349393606186,0.10220297425985336,-0.9190329313278198,-0.16893845796585083,0.04849040508270264,-0.37461450695991516,-0.12478304654359818,0.06557843089103699,-0.5205094814300537,-0.16093578934669495,0.07170175760984421,-0.6337755918502808,-0.18045887351036072,0.07966107130050659,-0.7378668189048767,-0.19507017731666565
paper,0.0,0.0,0.0,0.11157222837209702,-0.1300874501466751,-0.025129612535238266,0.19522345066070557,-0.283329576253891,-0.06086450070142746,0.27825191617012024,-0.400495707988739,-0.09425981342792511,0.3648776113986969,-0.4526244103908539,-0.1323148012161255,0.09621573984622955,-0.44187578558921814,-0.10270087420940399,0.1098996177315712,-0.6830485463142395,-0.14922943711280823,0.11905450373888016,-0.8286266326904297,-0.1761789172887802,0.12749913334846497,-0.9445620775222778,-0.19437427818775177,0.005470179952681065,-0.43593791127204895,-0.11658284068107605,-0.011049939319491386,-0.6886985301971436,-0.15799984335899353,-0.021892348304390907,-0.852193295955658,-0.1831580549478531,-0.03036351688206196,-0.9785774350166321,-0.20362801849842072,-0.07924343645572662,-0.3992884159088135,-0.12795259058475494,-0.11785389482975006,-0.6291211843490601,-0.1628667265176773,-0.13940751552581787,-0.782055139541626,-0.18958602845668793,-0.15254424512386322,-0.8995703458786011,-0.20988737046718597,-0.15380999445915222,-0.3426532447338104,-0.13914556801319122,-0.20518116652965546,-0.5218336582183838,-0.17424431443214417,-0.23591293394565582,-0.6362658143043518,-0.193854421377182,-0.2578626871109009,-0.7381694316864014,-0.2063724845647812
paper,0.0,0.0,0.0,0.12681527435779572,-0.13061505556106567,-0.052948180586099625,0.26181256771087646,-0.23738108575344086,-0.13274645805358887,0.3776748478412628,-0.2847634255886078,-0.2045358121395111,0.4899870455265045,-0.3485739231109619,-0.2905755043029785,0.24856305122375488,-0.252000629901886,-0.2955898344516754,0.3616463541984558,-0.37127575278282166,-0.4483147859573364,0.4639740288257599,-0.43718117475509644,-0.5538397431373596,0.5623219609260559,-0.4730532765388489,-0.6327404379844666,0.1971489042043686,-0.17685630917549133,-0.3538408577442169,0.33837905526161194,-0.23519398272037506,-0.5345385074615479,0.45949721336364746,-0.285399854183197,-0.656086266040802,0.5761398077011108,-0.3267773389816284,-0.7491859793663025,0.10753169655799866,-0.07216089963912964,-0.4024085998535156,0.19440647959709167,-0.09153503179550171,-0.5694477558135986,0.28472355008125305,-0.12223873287439346,-0.6749270558357239,0.37749800086021423,-0.1530211865901947,-0.7522621154785156,-0.004079930018633604,0.03660759702324867,-0.4457671046257019,-0.015466335229575634,0.02528698369860649,-0.5969542264938354,0.0009441706351935863,0.006333536002784967,-0.6762948632240295,0.026219362393021584,-0.02774503268301487,-0.7372092008590698
paper,0.0,0.0,0.0,0.04348510131239891,-0.21481290459632874,0.017509041354060173,0.18770530819892883,-0.33752092719078064,0.03403947874903679,0.29242226481437683,-0.38666918873786926,0.03679407387971878,0.35718151926994324,-0.4386036694049835,0.036082491278648376,0.4474242031574249,-0.30073830485343933,0.06437371671199799,0.6152658462524414,-0.37491297721862793,0.04988720268011093,0.7216450572013855,-0.4242238402366638,0.027014581486582756,0.8141562938690186,-0.4566245973110199,0.00626008864492178,0.47827640175819397,-0.22802241146564484,0.02231702022254467,0.680951714515686,-0.3033950924873352,0.0057015372440218925,0.8081814646720886,-0.3593337833881378,-0.021702688187360764,0.9162539839744568,-0.39820191264152527,-0.04374990984797478,0.47480615973472595,-0.144738107919693,-0.02681650221347809,0.6832677125930786,-0.1903214454650879,-0.04973455145955086,0.8140891194343567,-0.2241957187652588,-0.07572481781244278,0.9259403944015503,-0.24571025371551514,-0.0966312438249588,0.44475406408309937,-0.060497552156448364,-0.07800241559743881,0.6104242205619812,-0.08290193974971771,-0.1040453091263771,0.7275934219360352,-0.10897944867610931,-0.12099819630384445,0.8357888460159302,-0.13097751140594482,-0.1353280246257782
paper,0.0,0.0,0.0,-0.15016530454158783,-0.15828101336956024,-0.008204407058656216,-0.22675594687461853,-0.3209213316440582,0.008446535095572472,-0.25385305285453796,-0.44543325901031494,0.008158991113305092,-0.28505611419677734,-0.5466901063919067,0.0077986642718315125,-0.0156618170440197,-0.5700221061706543,0.16571323573589325,-0.008221046067774296,-0.7530580163002014,0.19582423567771912,0.007087699603289366,-0.8557683825492859,0.18767669796943665,0.025589805096387863,-0.9485175013542175,0.1763783097267151,0.10837292671203613,-0.5614787340164185,0.14459794759750366,0.15414690971374512,-0.7680378556251526,0.19204086065292358,0.18385322391986847,-0.8820796012878418,0.18414005637168884,0.20176038146018982,-0.9642778635025024,0.17164215445518494,0.21805398166179657,-0.5186848640441895,0.10566425323486328,0.2733522057533264,-0.7166231274604797,0.13310575485229492,0.3007127642631531,-0.8342306017875671,0.12685950100421906,0.31407058238983154,-0.9271382689476013,0.12049110233783722,0.31976547837257385,-0.44255614280700684,0.058241017162799835,0.392220139503479,-0.6137452125549316,0.07847975194454193,0.4292595386505127,-0.7287807464599609,0.09058507531881332,0.4521831274032593,-0.834610641002655,0.09809527546167374
paper,0.0,0.0,0.0,-0.23448248207569122,-0.10071185231208801,-0.023805560544133186,-0.41874316334724426,-0.22954757511615753,-0.007555628195405006,-0.5520786046981812,-0.31252041459083557,0.0013323372695595026,-0.6558046936988831,-0.37694138288497925,0.012568488717079163,-0.26557859778404236,-0.4890458285808563,0.13070577383041382,-0.355336457490921,-0.6789954900741577,0.16483554244041443,-0.3927662670612335,-0.789656400680542,0.16254311800003052,-0.42171913385391235,-0.8865984082221985,0.15425711870193481,-0.11895878612995148,-0.5366584658622742,0.1290825754404068,-0.17396783828735352,-0.7468842267990112,0.18214525282382965,-0.1997908651828766,-0.8688046932220459,0.17513713240623474,-0.21497508883476257,-0.9634844064712524,0.15963561832904816,0.02566605992615223,-0.5424553155899048,0.11314705014228821,-4.662600258598104e-05,-0.7445681691169739,0.15271307528018951,-0.02318897657096386,-0.853398859500885,0.157343327999115,-0.038575246930122375,-0.9345554113388062,0.15265263617038727,0.17940101027488708,-0.5076580047607422,0.08948254585266113,0.1965997815132141,-0.6870266795158386,0.12823982536792755,0.1958618462085724,-0.7999396324157715,0.1560451239347458,0.19173917174339294,-0.8953830599784851,0.17149393260478973
paper,0.0,0.0,0.0,-0.36980709433555603,0.12088214606046677,-0.05108414217829704,-0.6505338549613953,0.20785295963287354,-0.005632720421999693,-0.8080874681472778,0.260762095451355,0.03416653349995613,-0.9474882483482361,0.3069712519645691,0.08221316337585449,-0.5277637839317322,0.03399408608675003,0.27873143553733826,-0.6732807755470276,0.0009731279569678009,0.3902370035648346,-0.7713701725006104,-0.032634515315294266,0.43334510922431946,-0.8352027535438538,-0.07067812979221344,0.46209877729415894,-0.3953770101070404,-0.06688721477985382,0.33045026659965515,-0.5696821808815002,-0.11951407790184021,0.5012409090995789,-0.7027413845062256,-0.1691099852323532,0.5424967408180237,-0.7962554693222046,-0.2253773957490921,0.5614109039306641,-0.2669060230255127,-0.16122779250144958,0.35457590222358704,-0.39048367738723755,-0.2213951051235199,0.5180912017822266,-0.5135810375213623,-0.26994308829307556,0.5327165126800537,-0.5982047319412231,-0.30645477771759033,0.5222036838531494,-0.13362258672714233,-0.2511438727378845,0.3615357577800751,-0.17280817031860352,-0.33845993876457214,0.49848484992980957,-0.24671268463134766,-0.3726906478404999,0.5349700450897217,-0.2947310507297516,-0.3907177150249481,0.5494744181632996
paper,0.0,0.0,0.0,0.09517503529787064,-0.0899345800280571,0.02978023700416088,0.21955817937850952,-0.2074228972196579,0.041619203984737396,0.29358550906181335,-0.30048489570617676,0.043874382972717285,0.34858426451683044,-0.3870036005973816,0.04655229672789574,0.3149496018886566,-0.26092293858528137,0.018330732360482216,0.4473534822463989,-0.4386318624019623,-0.009000012651085854,0.5278455018997192,-0.5848418474197388,-0.027461178600788116,0.5849827527999878,-0.711607038974762,-0.037791021168231964,0.3255254030227661,-0.2787550389766693,-0.016817886382341385,0.46850383281707764,-0.4867839217185974,-0.040929101407527924,0.5537936091423035,-0.6454947590827942,-0.05414523929357529,0.6142304539680481,-0.7807134985923767,-0.06200121343135834,0.3141727149486542,-0.31561750173568726,-0.05233379080891609,0.4491986930370331,-0.5229405164718628,-0.07063344866037369,0.5157831907272339,-0.6829925775527954,-0.0823759064078331,0.5622773766517639,-0.8220843076705933,-0.08956333249807358,0.286338210105896,-0.36318090558052063,-0.08638377487659454,0.395774245262146,-0.5324416756629944,-0.10428117960691452,0.456460565328598,-0.6559336185455322,-0.11118528991937637,0.5014781355857849,-0.7680074572563171,-0.1139473170042038
paper,0.0,0.0,0.0,0.11681598424911499,-0.06011197343468666,0.042330753058195114,0.22188149392604828,-0.15415580570697784,0.04082303121685982,0.29981669783592224,-0.22760309278964996,0.032034870237112045,0.36188557744026184,-0.27395153045654297,0.01759749837219715,0.29883718490600586,-0.2689127027988434,-0.05291688069701195,0.4099196791648865,-0.48320308327674866,-0.09338404983282089,0.46856871247291565,-0.6127521395683289,-0.10966436564922333,0.5152878761291504,-0.7148079872131348,-0.1181962639093399,0.2584187388420105,-0.28687894344329834,-0.09738960862159729,0.37792903184890747,-0.5551400184631348,-0.140203595161438,0.4359213411808014,-0.7293468713760376,-0.15510261058807373,0.4779248535633087,-0.8628771901130676,-0.1644105464220047,0.19387882947921753,-0.30960699915885925,-0.13442203402519226,0.30145272612571716,-0.5714563131332397,-0.17230108380317688,0.3558369576931,-0.7445337176322937,-0.19234655797481537,0.3985930383205414,-0.8745858073234558,-0.20520450174808502,0.11120671033859253,-0.33399200439453125,-0.16429951786994934,0.1548583209514618,-0.5504546761512756,-0.20870879292488098,0.18164359033107758,-0.6917864680290222,-0.23056305944919586,0.20796287059783936,-0.8139410614967346,-0.24181954562664032
paper,0.0,0.0,0.0,0.11371476948261261,-0.08558773994445801,0.005118365865200758,0.22770079970359802,-0.20548143982887268,-0.01885097101330757,0.31558722257614136,-0.3112436830997467,-0.04156484082341194,0.3894982933998108,-0.38389918208122253,-0.07072244584560394,0.24036158621311188,-0.29887843132019043,-0.11935675144195557,0.3328752815723419,-0.5654115080833435,-0.1679707169532776,0.3786512613296509,-0.7095516324043274,-0.1841530054807663,0.4151620864868164,-0.822704553604126,-0.1925908476114273,0.1765395998954773,-0.31485283374786377,-0.15008772909641266,0.2651938199996948,-0.6077026724815369,-0.19827352464199066,0.2945898175239563,-0.7890719771385193,-0.2132635861635208,0.3100298345088959,-0.924032986164093,-0.2237066626548767,0.09009427577257156,-0.32207930088043213,-0.17307385802268982,0.15888802707195282,-0.6025444865226746,-0.21571680903434753,0.176313579082489,-0.7691777348518372,-0.23352666199207306,0.188263937830925,-0.8907842636108398,-0.24633516371250153,-0.0096691083163023,-0.322857141494751,-0.19095709919929504,-0.00846845656633377,-0.5379847884178162,-0.23892037570476532,-0.01577199436724186,-0.665672779083252,-0.2564954161643982,-0.01802772656083107,-0.7760921716690063,-0.26495978236198425
paper,0.0,0.0,0.0,0.048629969358444214,-0.24476924538612366,-0.027828004211187363,0.12102695554494858,-0.4876238703727722,-0.06806658208370209,0.19258245825767517,-0.6776869297027588,-0.10360219329595566,0.2883327901363373,-0.7911847829818726,-0.14536693692207336,0.1580207198858261,-0.44954466819763184,-0.16751597821712494,0.16539646685123444,-0.6672590374946594,-0.23983950912952423,0.1690836250782013,-0.8068815469741821,-0.277274489402771,0.17125250399112701,-0.9366450905799866,-0.3055627644062042,0.10767126083374023,-0.35536590218544006,-0.1942461133003235,0.0730239599943161,-0.5487454533576965,-0.2796500325202942,0.04303787276148796,-0.7088042497634888,-0.32168349623680115,0.006097387056797743,-0.8479924201965332,-0.35851019620895386,0.02231127768754959,-0.25907236337661743,-0.21544399857521057,-0.09290806204080582,-0.4396139979362488,-0.30793288350105286,-0.17153300344944,-0.554949164390564,-0.3445666432380676,-0.2400260865688324,-0.6472411751747131,-0.3682946264743805,-0.0804271474480629,-0.17625556886196136,-0.23269283771514893,-0.22807589173316956,-0.33479952812194824,-0.3120872378349304,-0.32926130294799805,-0.4284946024417877,-0.3443733751773834,-0.42005619406700134,-0.5093579888343811,-0.3670829236507416
paper,0.0,0.0,0.0,-0.032834894955158234,-0.3544214367866516,-0.010565977543592453,0.04643065482378006,-0.632358968257904,-0.020008916035294533,0.13346469402313232,-0.8086194396018982,-0.03177421912550926,0.1982332170009613,-0.9465972185134888,-0.04683256149291992,0.15193437039852142,-0.4964390695095062,-0.08973933011293411,0.19082137942314148,-0.6890955567359924,-0.1424432396888733,0.21405117213726044,-0.827342689037323,-0.17497467994689941,0.23604834079742432,-0.9506537914276123,-0.2013421654701233,0.1463160663843155,-0.3703097105026245,-0.12362438440322876,0.1693343222141266,-0.5147023797035217,-0.18214723467826843,0.16433393955230713,-0.6394224762916565,-0.21650248765945435,0.1441907435655594,-0.7445839047431946,-0.24863320589065552,0.09353024512529373,-0.25865164399147034,-0.1564715951681137,0.033526331186294556,-0.3675413727760315,-0.22839128971099854,-0.03398972004652023,-0.47418922185897827,-0.26847249269485474,-0.10371232777833939,-0.5658352375030518,-0.29810941219329834,0.0006335671641863883,-0.1684090495109558,-0.18749786913394928,-0.1437160074710846,-0.262093186378479,-0.25533241033554077,-0.2595863342285156,-0.3435232639312744,-0.29090994596481323,-0.36025235056877136,-0.4133719205856323,-0.3181552290916443
paper,0.0,0.0,0.0,-0.04759979993104935,-0.2623825669288635,-0.05893654003739357,0.0220405925065279,-0.5103268623352051,-0.0907435491681099,0.09008173644542694,-0.6926526427268982,-0.11831856518983841,0.14848901331424713,-0.870098352432251,-0.149733304977417,0.19531583786010742,-0.4613218903541565,-0.12876291573047638,0.3248181939125061,-0.6330869197845459,-0.2024322897195816,0.4034058153629303,-0.7337097525596619,-0.24562841653823853,0.47603681683540344,-0.8335472941398621,-0.28033533692359924,0.24004194140434265,-0.3191375136375427,-0.15858538448810577,0.36204418540000916,-0.442096084356308,-0.23363816738128662,0.44163990020751953,-0.5305279493331909,-0.2849252223968506,0.5067678689956665,-0.6198681592941284,-0.325885534286499,0.23083126544952393,-0.15833525359630585,-0.19264869391918182,0.2889581322669983,-0.16338060796260834,-0.30042049288749695,0.2967926561832428,-0.2221432477235794,-0.36324506998062134,0.2949022650718689,-0.3014598786830902,-0.4026658535003662,0.17535701394081116,-0.009287422522902489,-0.22582441568374634,0.15151217579841614,0.020252618938684464,-0.3343556523323059,0.08320154994726181,0.0029722966719418764,-0.37708988785743713,0.015228223986923695,-0.036632150411605835,-0.40460410714149475
paper,0.0,0.0,0.0,-0.09072960913181305,-0.2152373194694519,-0.06922294199466705,-0.07671337574720383,-0.4562399685382843,-0.09706617146730423,-0.02772662043571472,-0.6310426592826843,-0.117130808532238,-0.009840598329901695,-0.7814365029335022,-0.13907577097415924,0.16778917610645294,-0.49280667304992676,-0.08082696795463562,0.28366637229919434,-0.6813203692436218,-0.12250982969999313,0.35604047775268555,-0.7926208972930908,-0.15302486717700958,0.4209195077419281,-0.8894419074058533,-0.17810064554214478,0.258958101272583,-0.3817594349384308,-0.089858777821064,0.4035749137401581,-0.5408632159233093,-0.12187596410512924,0.4999932050704956,-0.63730788230896,-0.15721820294857025,0.5804449319839478,-0.7105288505554199,-0.18600310385227203,0.29788094758987427,-0.2493736743927002,-0.1057487279176712,0.442819207906723,-0.3258516788482666,-0.16068091988563538,0.5336781740188599,-0.3661838173866272,-0.2056601345539093,0.6067398190498352,-0.4032457768917084,-0.2379625290632248,0.2962897717952728,-0.10632394999265671,-0.12520329654216766,0.38382095098495483,-0.08827408403158188,-0.19433867931365967,0.4126223027706146,-0.060734592378139496,-0.22197340428829193,0.42973485589027405,-0.04132535308599472,-0.23715054988861084
paper,0.0,0.0,0.0,-0.1076323613524437,-0.1972649097442627,-0.06551960855722427,-0.14079517126083374,-0.4234517216682434,-0.0960862785577774,-0.12924236059188843,-0.5947473049163818,-0.12004028260707855,-0.12235933542251587,-0.7327945828437805,-0.14393730461597443,0.10784736275672913,-0.5348583459854126,-0.06493207812309265,0.1868431270122528,-0.7328092455863953,-0.10554803162813187,0.24071624875068665,-0.846966028213501,-0.139107808470726,0.2939065992832184,-0.9413971304893494,-0.165500208735466,0.21151188015937805,-0.46132174134254456,-0.07051599025726318,0.3345530927181244,-0.636070191860199,-0.10328446328639984,0.4217889904975891,-0.7414293885231018,-0.13899539411067963,0.5056039690971375,-0.8250953555107117,-0.16786928474903107,0.27546924352645874,-0.3578474223613739,-0.08423473685979843,0.4093906283378601,-0.474111407995224,-0.1301884800195694,0.501507043838501,-0.5411015748977661,-0.17169703543186188,0.5847010612487793,-0.5978421568870544,-0.20223112404346466,0.30509141087532043,-0.23478366434574127,-0.1026189848780632,0.41406625509262085,-0.26683875918388367,-0.15555264055728912,0.48717808723449707,-0.2762300372123718,-0.18205010890960693,0.5559238791465759,-0.2867944836616516,-0.19847173988819122
paper,0.0,0.0,0.0,-0.12396878749132156,-0.12961770594120026,-0.08934887498617172,-0.19887489080429077,-0.3098032772541046,-0.13561739027500153,-0.22088287770748138,-0.46591782569885254,-0.17051464319229126,-0.21922467648983002,-0.6033991575241089,-0.20286011695861816,0.008271499536931515,-0.5183766484260559,-0.09052138775587082,0.04958672448992729,-0.7256041169166565,-0.14375782012939453,0.08290566504001617,-0.84977126121521,-0.18537907302379608,0.11865703016519547,-0.959547758102417,-0.216502383351326,0.11188343167304993,-0.5007020831108093,-0.08559301495552063,0.2039017677307129,-0.7013352513313293,-0.1307632178068161,0.269219309091568,-0.818722665309906,-0.16730323433876038,0.32942453026771545,-0.9237320423126221,-0.19544465839862823,0.18450221419334412,-0.4449958801269531,-0.09149546921253204,0.2864852845668793,-0.6259930729866028,-0.14621035754680634,0.35320374369621277,-0.7404345870018005,-0.18394140899181366,0.4121226370334625,-0.8480465412139893,-0.2103763073682785,0.23641955852508545,-0.357134073972702,-0.10441715270280838,0.3430536985397339,-0.46353164315223694,-0.15924666821956635,0.41889363527297974,-0.5230958461761475,-0.18533077836036682,0.48556602001190186,-0.582580029964447,-0.2018681913614273
paper,0.0,0.0,0.0,-0.12013625353574753,-0.09376126527786255,-0.09985355287790298,-0.211340993642807,-0.24458318948745728,-0.15188702940940857,-0.24801048636436462,-0.3970310091972351,-0.19079765677452087,-0.24116849899291992,-0.5361067056655884,-0.22511310875415802,-0.05651314929127693,-0.4957651197910309,-0.0915498286485672,-0.035186488181352615,-0.7002730369567871,-0.14880558848381042,-0.012790853157639503,-0.8246676921844482,-0.19482138752937317,0.014203261584043503,-0.9357231259346008,-0.22803089022636414,0.032462868839502335,-0.5119264721870422,-0.0782737210392952,0.09288964420557022,-0.7246699333190918,-0.12517140805721283,0.13986492156982422,-0.8528984785079956,-0.1611759513616562,0.1819014698266983,-0.9652230739593506,-0.18776625394821167,0.10126340389251709,-0.4847543239593506,-0.07731082290410995,0.16101457178592682,-0.6778698563575745,-0.12847648561000824,0.20358704030513763,-0.8018338084220886,-0.16151534020900726,0.24127641320228577,-0.9110337495803833,-0.18374888598918915,0.15851739048957825,-0.42080157995224,-0.08526267111301422,0.2316504567861557,-0.550821840763092,-0.13587713241577148,0.2897910177707672,-0.6337980628013611,-0.16099846363067627,0.34256958961486816,-0.7104392647743225,-0.1762050837278366
paper,0.0,0.0,0.0,-0.07834284752607346,-0.0699329599738121,-0.08936873823404312,-0.12202730774879456,-0.2012045979499817,-0.13487879931926727,-0.0711260735988617,-0.3531297743320465,-0.17127375304698944,-0.009391692467033863,-0.4746629595756531,-0.20381282269954681,-0.17582188546657562,-0.5002608299255371,-0.06742590665817261,-0.2014540433883667,-0.6989054679870605,-0.11597976833581924,-0.18429885804653168,-0.8219399452209473,-0.162689670920372,-0.14998282492160797,-0.9197608828544617,-0.19820965826511383,-0.10155120491981506,-0.5485366582870483,-0.0551053062081337,-0.11107778549194336,-0.76803058385849,-0.09588901698589325,-0.07592180371284485,-0.8905444741249084,-0.14370539784431458,-0.02763405255973339,-0.9830287098884583,-0.18135814368724823,-0.028897177428007126,-0.5418288707733154,-0.05324253812432289,-0.026847073808312416,-0.7404261827468872,-0.09858229011297226,0.01271280087530613,-0.845917820930481,-0.15002740919589996,0.06251897662878036,-0.9169011116027832,-0.1880691796541214,0.0467434823513031,-0.4898814857006073,-0.05968032404780388,0.08059730380773544,-0.6388898491859436,-0.1091320589184761,0.132523775100708,-0.6977581977844238,-0.1454320102930069,0.1880330741405487,-0.7310568690299988,-0.17042556405067444
paper,0.0,0.0,0.0,-0.08914157748222351,-0.06738775968551636,-0.08561202138662338,-0.15171755850315094,-0.1962403506040573,-0.12980176508426666,-0.12497071921825409,-0.3511391282081604,-0.16509340703487396,-0.08673390001058578,-0.48597195744514465,-0.19616183638572693,-0.17343769967556,-0.49008578062057495,-0.0696013793349266,-0.19915041327476501,-0.6843824982643127,-0.12065727263689041,-0.1833343803882599,-0.8060920834541321,-0.16745811700820923,-0.1489708423614502,-0.9065943360328674,-0.20254868268966675,-0.09705039113759995,-0.5370507836341858,-0.0604870468378067,-0.10586905479431152,-0.7528830170631409,-0.1022181361913681,-0.07260627299547195,-0.8809913396835327,-0.1492941826581955,-0.02654212899506092,-0.9819197654724121,-0.18742749094963074,-0.02519240975379944,-0.5293319821357727,-0.061834197491407394,-0.023470336571335793,-0.726011335849762,-0.11132070422172546,0.018340298905968666,-0.8244338631629944,-0.16272960603237152,0.06906648725271225,-0.8880882263183594,-0.2008109837770462,0.051394958049058914,-0.47983142733573914,-0.07087580859661102,0.08457051217556,-0.621745765209198,-0.12495657801628113,0.1362995058298111,-0.6718348860740662,-0.1621665209531784,0.1899726539850235,-0.6961327195167542,-0.18778172135353088
paper,0.0,0.0,0.0,-0.10963667929172516,-0.07006677240133286,-0.09062446653842926,-0.19930143654346466,-0.19531549513339996,-0.1370360106229782,-0.21029657125473022,-0.347851037979126,-0.17450298368930817,-0.19734740257263184,-0.496510773897171,-0.20536167919635773,-0.15193521976470947,-0.5065006613731384,-0.05122745409607887,-0.17861424386501312,-0.6990540027618408,-0.09939336031675339,-0.17163942754268646,-0.811718225479126,-0.14417842030525208,-0.14671926200389862,-0.9114381074905396,-0.17801783978939056,-0.06994521617889404,-0.5443108081817627,-0.0422481931746006,-0.07572992891073227,-0.7549887895584106,-0.08287113904953003,-0.04580109938979149,-0.8858139514923096,-0.12713924050331116,-0.002259522909298539,-0.9868281483650208,-0.1617560088634491,0.005723043344914913,-0.5271024703979492,-0.04696056246757507,0.01178153045475483,-0.725715160369873,-0.10179107636213303,0.055942486971616745,-0.8206283450126648,-0.14851410686969757,0.10488966852426529,-0.881178081035614,-0.17993298172950745,0.0837472528219223,-0.4743310213088989,-0.05978481099009514,0.11825323849916458,-0.6095578670501709,-0.12208344787359238,0.16932180523872375,-0.6560141444206238,-0.158188596367836,0.2213904708623886,-0.6794670820236206,-0.17948707938194275
paper,0.0,0.0,0.0,-0.13165535032749176,-0.09671621024608612,-0.0792536810040474,-0.23426751792430878,-0.24334777891635895,-0.11089958995580673,-0.27761024236679077,-0.3871898055076599,-0.1343519389629364,-0.3083876669406891,-0.5276920795440674,-0.15243181586265564,-0.12874653935432434,-0.5326104164123535,-0.030433882027864456,-0.14349086582660675,-0.7230974435806274,-0.06608313322067261,-0.13831192255020142,-0.8326366543769836,-0.10300201922655106,-0.12066274136304855,-0.9348528385162354,-0.13214625418186188,-0.029567210003733635,-0.5533367991447449,-0.024082418531179428,-0.01621011644601822,-0.7616735100746155,-0.050462186336517334,0.01187982689589262,-0.8886428475379944,-0.08503386378288269,0.048500146716833115,-0.9922937154769897,-0.11402147263288498,0.055298224091529846,-0.5222304463386536,-0.03121337667107582,0.07958783954381943,-0.7118781805038452,-0.07540007680654526,0.11331873387098312,-0.8077579140663147,-0.11168920248746872,0.15022635459899902,-0.8763188719749451,-0.1366967260837555,0.13722346723079681,-0.4568142890930176,-0.0458902083337307,0.17599791288375854,-0.5857965350151062,-0.09807730466127396,0.21658533811569214,-0.6312330961227417,-0.12393642961978912,0.2582762837409973,-0.6599263548851013,-0.13886338472366333
paper,0.0,0.0,0.0,-0.13701322674751282,-0.1341870129108429,-0.06472060084342957,-0.23246604204177856,-0.336963415145874,-0.09039833396673203,-0.2857431173324585,-0.506581723690033,-0.11058217287063599,-0.33816853165626526,-0.6442444920539856,-0.12783488631248474,-0.03766666352748871,-0.5744985342025757,-0.019092468544840813,-0.03838525712490082,-0.7634099721908569,-0.04928835481405258,-0.04143209755420685,-0.8733538389205933,-0.08272657543420792,-0.04107298329472542,-0.9737592339515686,-0.11129193007946014,0.07084240019321442,-0.5598998665809631,-0.022373605519533157,0.10227799415588379,-0.762805700302124,-0.041096244007349014,0.1261349320411682,-0.8828725218772888,-0.07014534622430801,0.1487140655517578,-0.9841926097869873,-0.09617157280445099,0.15847231447696686,-0.49486979842185974,-0.037859730422496796,0.20017282664775848,-0.6602088809013367,-0.07350823283195496,0.23340636491775513,-0.7523050308227539,-0.10193515568971634,0.2585594654083252,-0.8346136212348938,-0.1236962229013443,0.23247240483760834,-0.3937947452068329,-0.060009416192770004,0.282077819108963,-0.49900490045547485,-0.09915944188833237,0.3112776577472687,-0.5419797897338867,-0.11460952460765839,0.33326977491378784,-0.5797160267829895,-0.1251230090856552
paper,0.0,0.0,0.0,-0.13310357928276062,-0.14139407873153687,-0.0586395189166069,-0.22156408429145813,-0.359440416097641,-0.08081722259521484,-0.267007052898407,-0.5344765782356262,-0.0988127663731575,-0.314671128988266,-0.674569845199585,-0.11467583477497101,-0.025001367554068565,-0.5818960070610046,-0.01683926209807396,-0.027527816593647003,-0.769539475440979,-0.049314141273498535,-0.03273971751332283,-0.8795583844184875,-0.08472251892089844,-0.035196445882320404,-0.9838346242904663,-0.11529195308685303,0.08525169640779495,-0.5628662705421448,-0.023919828236103058,0.11406003683805466,-0.7607154250144958,-0.046083495020866394,0.13375551998615265,-0.8787010908126831,-0.07838079333305359,0.14957411587238312,-0.9829539060592651,-0.10690735280513763,0.1730392575263977,-0.4927482604980469,-0.042375314980745316,0.21602168679237366,-0.6538466811180115,-0.08089087158441544,0.24500133097171783,-0.7456771731376648,-0.11058177798986435,0.2624148428440094,-0.8321501612663269,-0.13330340385437012,0.2444799691438675,-0.38449427485466003,-0.06677484512329102,0.2970573306083679,-0.4860108196735382,-0.10847268253564835,0.3236454427242279,-0.5322551131248474,-0.1252070665359497,0.33800750970840454,-0.5762550830841064,-0.1366717666387558
paper,0.0,0.0,0.0,-0.1293403059244156,-0.14916814863681793,-0.053426194936037064,-0.2067766934633255,-0.38078832626342773,-0.07323147356510162,-0.23903460800647736,-0.5596605539321899,-0.09008153527975082,-0.27796173095703125,-0.700518786907196,-0.10556395351886749,-0.008591272868216038,-0.5810931921005249,-0.020958876237273216,-0.005852512549608946,-0.7736623287200928,-0.05600013583898544,-0.013529766350984573,-0.8854381442070007,-0.09247919917106628,-0.022527555003762245,-0.9909254312515259,-0.12345375120639801,0.10169574618339539,-0.553839385509491,-0.031432975083589554,0.13438473641872406,-0.7562501430511475,-0.05890071392059326,0.15096594393253326,-0.877619206905365,-0.0949060395359993,0.15655747056007385,-0.9796206951141357,-0.1258300244808197,0.18702088296413422,-0.47667810320854187,-0.05213535577058792,0.24004723131656647,-0.6422052979469299,-0.09768474847078323,0.2648681700229645,-0.7368009686470032,-0.13158103823661804,0.26842015981674194,-0.8159482479095459,-0.15557460486888885,0.2562156915664673,-0.3643348515033722,-0.07749467343091965,0.31690865755081177,-0.4861309826374054,-0.12586607038974762,0.33324775099754333,-0.5277789235115051,-0.1435379832983017,0.323524534702301,-0.5537948608398438,-0.1544526219367981
scissors,0.0,0.0,0.0,-0.09373454004526138,-0.12909816205501556,-0.04224582388997078,-0.13813336193561554,-0.3012358546257019,-0.07810330390930176,-0.08897336572408676,-0.4238654375076294,-0.12240293622016907,0.005044494289904833,-0.44198378920555115,-0.16528065502643585,-0.011990084312856197,-0.5125476717948914,-0.03962769731879234,-0.010096329264342785,-0.7143410444259644,-0.08999999612569809,-0.009013023227453232,-0.831445038318634,-0.12164860218763351,0.0008904161513783038,-0.9375821352005005,-0.1426536738872528,0.06766632199287415,-0.4913938343524933,-0.06164350360631943,0.12294287234544754,-0.7261925935745239,-0.12124437838792801,0.14981748163700104,-0.8581916689872742,-0.15285371243953705,0.18515361845493317,-0.9685460925102234,-0.16624246537685394,0.12950268387794495,-0.420976459980011,-0.08934050798416138,0.13189654052257538,-0.5648599863052368,-0.17440560460090637,0.0545012466609478,-0.43185919523239136,-0.1709994673728943,0.016062945127487183,-0.31886833906173706,-0.14116151630878448,0.17495951056480408,-0.31751763820648193,-0.1203760877251625,0.16576437652111053,-0.45079097151756287,-0.17752495408058167,0.10279066860675812,-0.3654325306415558,-0.158486470580101,0.06697988510131836,-0.2736826241016388,-0.12842769920825958
scissors,0.0,0.0,0.0,-0.007767853792756796,-0.22141194343566895,0.018915468826889992,-0.07956358045339584,-0.39802995324134827,-0.0018033238593488932,-0.19508281350135803,-0.48035740852355957,-0.026711691170930862,-0.2886500358581543,-0.49495163559913635,-0.05527129024267197,-0.07243697345256805,-0.5205727219581604,-0.08276515454053879,-0.16339080035686493,-0.7109644412994385,-0.1372806578874588,-0.2132747918367386,-0.841598629951477,-0.17162221670150757,-0.2568075656890869,-0.9469532370567322,-0.19320809841156006,-0.10981794446706772,-0.43795058131217957,-0.11165101826190948,-0.2987251579761505,-0.5962459444999695,-0.1651429831981659,-0.42248255014419556,-0.6967134475708008,-0.19459210336208344,-0.5158200263977051,-0.7699244618415833,-0.21842150390148163,-0.15952058136463165,-0.33429035544395447,-0.13021813333034515,-0.3677302896976471,-0.43028634786605835,-0.16666646301746368,-0.3714524805545807,-0.3760545253753662,-0.147832989692688,-0.33455830812454224,-0.3250347077846527,-0.12809334695339203,-0.2119213193655014,-0.23504404723644257,-0.14624910056591034,-0.3829232454299927,-0.30350059270858765,-0.16107074916362762,-0.37865301966667175,-0.2764354646205902,-0.13634908199310303,-0.3376559019088745,-0.2534048855304718,-0.11256688088178635
scissors,0.0,0.0,0.0,-0.08907031267881393,-0.25928646326065063,-0.011097691021859646,-0.26938557624816895,-0.3638344407081604,-0.03749664127826691,-0.4377937912940979,-0.3096790015697479,-0.060543086379766464,-0.5440819263458252,-0.21308469772338867,-0.08356594294309616,-0.2941973805427551,-0.4193977117538452,-0.10009871423244476,-0.510180652141571,-0.4821518063545227,-0.14254796504974365,-0.6426136493682861,-0.5004320740699768,-0.1640601009130478,-0.7582748532295227,-0.5164206624031067,-0.17984406650066376,-0.3491341471672058,-0.24688759446144104,-0.1188855767250061,-0.6349164247512817,-0.26055485010147095,-0.16699054837226868,-0.8069748878479004,-0.2679485082626343,-0.182822123169899,-0.9446660876274109,-0.26280510425567627,-0.19631510972976685,-0.380953848361969,-0.07859724014997482,-0.12972542643547058,-0.6268633008003235,-0.12736500799655914,-0.18095920979976654,-0.5570012331008911,-0.1646643877029419,-0.163057342171669,-0.477277547121048,-0.16002878546714783,-0.13850076496601105,-0.3895469009876251,0.058344341814517975,-0.139500692486763,-0.5489773154258728,-0.043775610625743866,-0.18004217743873596,-0.5004175901412964,-0.09581713378429413,-0.1614559292793274,-0.43668100237846375,-0.1040683314204216,-0.13772514462471008
scissors,0.0,0.0,0.0,-0.13649851083755493,0.10467706620693207,0.0017833870369940996,-0.20807132124900818,0.2902337610721588,-0.02664175257086754,-0.20597606897354126,0.4711877703666687,-0.05047254264354706,-0.18137696385383606,0.613450825214386,-0.07812070101499557,-0.24919794499874115,0.3034469485282898,-0.14000332355499268,-0.3006373643875122,0.5649684071540833,-0.19470302760601044,-0.3244691789150238,0.7162343859672546,-0.22230155766010284,-0.3439359664916992,0.8400599360466003,-0.23748356103897095,-0.14431582391262054,0.3116113841533661,-0.15828649699687958,-0.14692886173725128,0.6341597437858582,-0.20657573640346527,-0.14372682571411133,0.8235933184623718,-0.21801923215389252,-0.13708390295505524,0.9635282158851624,-0.22982923686504364,-0.04144534468650818,0.3220060169696808,-0.1649363934993744,-0.04839697480201721,0.6301600337028503,-0.19860124588012695,-0.06753022223711014,0.5869160294532776,-0.17083145678043365,-0.07463634759187698,0.5016613006591797,-0.14724114537239075,0.04941551014780998,0.3307417929172516,-0.16938044130802155,0.026733987033367157,0.5590347647666931,-0.19048431515693665,0.005022091791033745,0.5277964472770691,-0.16271765530109406,-0.011438727378845215,0.4583561420440674,-0.13621088862419128
scissors,0.0,0.0,0.0,-0.18326659500598907,-0.16568292677402496,0.007405140437185764,-0.38397568464279175,-0.14524467289447784,-0.010598255321383476,-0.5095274448394775,-0.014974449761211872,-0.02916196547448635,-0.5675509572029114,0.1264105588197708,-0.05150247737765312,-0.43160104751586914,-0.17753185331821442,-0.11480511724948883,-0.6906000971794128,-0.1253398209810257,-0.1616956740617752,-0.833486795425415,-0.08612525463104248,-0.17773959040641785,-0.9473799467086792,-0.05141601711511612,-0.18296857178211212,-0.4075661897659302,-0.007938937284052372,-0.13753364980220795,-0.6762288212776184,0.12783598899841309,-0.18230876326560974,-0.8309563994407654,0.20636793971061707,-0.1898074895143509,-0.9411513209342957,0.2763453722000122,-0.19459564983844757,-0.3672531843185425,0.1534421443939209,-0.14902837574481964,-0.5987318158149719,0.261786550283432,-0.1817028820514679,-0.5799057483673096,0.1827738881111145,-0.15475955605506897,-0.5187292098999023,0.12911395728588104,-0.12693138420581818,-0.32272854447364807,0.2860691249370575,-0.15835948288440704,-0.5174156427383423,0.3268839120864868,-0.170143261551857,-0.5068793296813965,0.2592361271381378,-0.13400018215179443,-0.4527249038219452,0.21444980800151825,-0.10026659816503525
scissors,0.0,0.0,0.0,-0.0895010307431221,-0.19735799729824066,-0.023117834702134132,-0.13088448345661163,-0.36709800362586975,-0.07073402404785156,-0.17358830571174622,-0.4774368405342102,-0.13017235696315765,-0.15880978107452393,-0.47094812989234924,-0.18685606122016907,0.07423335313796997,-0.5319846272468567,-0.05336601659655571,0.044071096926927567,-0.7269170880317688,-0.1193639412522316,0.019861681386828423,-0.8711594939231873,-0.1639164537191391,-0.003744558896869421,-0.9802837371826172,-0.19755974411964417,0.13701577484607697,-0.4595651626586914,-0.09647991508245468,0.09586779773235321,-0.6597099900245667,-0.19016426801681519,0.051758069545030594,-0.8018271327018738,-0.24514459073543549,0.020294666290283203,-0.9065508246421814,-0.2750126123428345,0.15206030011177063,-0.35619813203811646,-0.14051803946495056,-0.030417626723647118,-0.4843686521053314,-0.22511588037014008,-0.09589596092700958,-0.3904881775379181,-0.2075766772031784,-0.09766990691423416,-0.31568267941474915,-0.17490489780902863,0.1233280599117279,-0.2415928691625595,-0.18882840871810913,-0.05558646097779274,-0.3384168744087219,-0.23322251439094543,-0.11756852269172668,-0.28026893734931946,-0.20669624209403992,-0.12123937159776688,-0.2217349112033844,-0.17664329707622528
scissors,0.0,0.0,0.0,-0.07622594386339188,-0.17294038832187653,-0.035823412239551544,-0.1253698617219925,-0.34808292984962463,-0.07296861708164215,-0.10972452908754349,-0.443616658449173,-0.11837209761142731,-0.04396437853574753,-0.43094688653945923,-0.16019369661808014,0.04962985962629318,-0.5534889698028564,-0.03351472690701485,0.059140682220458984,-0.7525030374526978,-0.08127058297395706,0.05667009577155113,-0.8782691955566406,-0.1142408475279808,0.05548807606101036,-0.9889093041419983,-0.13776619732379913,0.12593181431293488,-0.5002403259277344,-0.05756353586912155,0.16334156692028046,-0.6799657940864563,-0.10685428231954575,0.17062494158744812,-0.803385853767395,-0.13928893208503723,0.17559713125228882,-0.9042811393737793,-0.15705548226833344,0.1785377413034439,-0.40256959199905396,-0.08773525804281235,0.11438152194023132,-0.4883199632167816,-0.15263327956199646,0.01071877870708704,-0.44894659519195557,-0.16938401758670807,-0.06216582655906677,-0.40069901943206787,-0.1643771380186081,0.1986176073551178,-0.2790505588054657,-0.12180186063051224,0.09817177057266235,-0.3191278874874115,-0.1668056696653366,0.012742329388856888,-0.3013215959072113,-0.1697014421224594,-0.045567162334918976,-0.2720354497432709,-0.1616833209991455
scissors,0.0,0.0,0.0,-0.06436427682638168,-0.1570102423429489,-0.07147329300642014,-0.06001466140151024,-0.34821200370788574,-0.08924001455307007,0.06156102567911148,-0.4716506004333496,-0.10368026047945023,0.1597920060157776,-0.5312771201133728,-0.11205463856458664,-0.07962371408939362,-0.5502768158912659,-0.009760288521647453,-0.08432406932115555,-0.7695672512054443,-0.029144136235117912,-0.08284932374954224,-0.8906974792480469,-0.04718376696109772,-0.08091481775045395,-0.9948376417160034,-0.06124301254749298,0.01810327172279358,-0.5349823832511902,-0.00012127803347539157,0.04225306212902069,-0.7566465139389038,-0.018693536520004272,0.07001039385795593,-0.8769347667694092,-0.04425463080406189,0.09608291834592819,-0.9793828129768372,-0.06074502691626549,0.0968741625547409,-0.463128000497818,-0.0023795287124812603,0.15826314687728882,-0.5693398714065552,-0.058521367609500885,0.1516956090927124,-0.47636446356773376,-0.08873255550861359,0.1327318698167801,-0.39416858553886414,-0.09010806679725647,0.16140218079090118,-0.3653765022754669,-0.009929316118359566,0.22776032984256744,-0.46789664030075073,-0.05940645933151245,0.21778035163879395,-0.42269790172576904,-0.0727904736995697,0.191329225897789,-0.36548441648483276,-0.07091911137104034
scissors,0.0,0.0,0.0,-0.07973318547010422,-0.15684321522712708,-0.08342307806015015,-0.09918589890003204,-0.34449318051338196,-0.09290312975645065,-0.011317710392177105,-0.5091845989227295,-0.09435727447271347,0.06009366735816002,-0.6137939095497131,-0.08868466317653656,-0.19372773170471191,-0.5145243406295776,0.007249480113387108,-0.24041615426540375,-0.7321069240570068,0.0016207846347242594,-0.2608107030391693,-0.8565599322319031,-0.009452751837670803,-0.2780691683292389,-0.9603983163833618,-0.01768040657043457,-0.0948096439242363,-0.5242546796798706,0.0304113682359457,-0.1198580265045166,-0.747853696346283,0.024583930149674416,-0.11578981578350067,-0.8746793866157532,0.003226876026019454,-0.11121948063373566,-0.9770629405975342,-0.009530509822070599,-0.0019032115815207362,-0.47780874371528625,0.03914164751768112,0.04716731980443001,-0.6109272241592407,-0.013278438709676266,0.06586640328168869,-0.5160267949104309,-0.04972873255610466,0.06400945037603378,-0.4302109181880951,-0.05361995846033096,0.07549075037240982,-0.409557580947876,0.04258185997605324,0.11777561902999878,-0.5402740836143494,-0.007548341061919928,0.12580178678035736,-0.48161640763282776,-0.02476891130208969,0.11988691240549088,-0.41103556752204895,-0.024187078699469566
scissors,0.0,0.0,0.0,-0.08487026393413544,-0.14913469552993774,-0.0833338052034378,-0.10616513341665268,-0.3446606397628784,-0.09417103976011276,-0.015958920121192932,-0.5152857303619385,-0.0982777401804924,0.05658634379506111,-0.6188452243804932,-0.09546346962451935,-0.19514966011047363,-0.5088675618171692,0.003414331702515483,-0.24313512444496155,-0.7260252237319946,-0.0072420076467096806,-0.2655821144580841,-0.8520962595939636,-0.022009002044796944,-0.2841799259185791,-0.9581847786903381,-0.03352122753858566,-0.09631463140249252,-0.5257943272590637,0.02357548661530018,-0.1173081248998642,-0.7476881146430969,0.01075031142681837,-0.11298535764217377,-0.878883957862854,-0.01546910684555769,-0.10795006901025772,-0.9880607724189758,-0.0317160002887249,-0.00393902650102973,-0.4846283495426178,0.029650907963514328,0.04189322888851166,-0.6171428561210632,-0.02876312844455242,0.06296055763959885,-0.5220733880996704,-0.06520343571901321,0.06506519019603729,-0.4326964020729065,-0.0685911700129509,0.07446505129337311,-0.4185030162334442,0.030160728842020035,0.11638426035642624,-0.5534297227859497,-0.026924626901745796,0.12473607808351517,-0.49327728152275085,-0.04536393657326698,0.11986695230007172,-0.41633930802345276,-0.044722363352775574
scissors,0.0,0.0,0.0,-0.10376229137182236,-0.15520989894866943,-0.0801527351140976,-0.13843782246112823,-0.36183658242225647,-0.07483861595392227,-0.0603003203868866,-0.5409701466560364,-0.061360981315374374,0.0028199865482747555,-0.6564022302627563,-0.041726019233465195,-0.2508784234523773,-0.48877009749412537,0.03206334635615349,-0.3119390606880188,-0.7005690932273865,0.03575075790286064,-0.33922961354255676,-0.831475019454956,0.0315464586019516,-0.3607684075832367,-0.9322632551193237,0.027041660621762276,-0.14535467326641083,-0.5118640661239624,0.058361250907182693,-0.19049964845180511,-0.729943573474884,0.06442559510469437,-0.19653624296188354,-0.8549048900604248,0.0480860099196434,-0.20189352333545685,-0.9569743871688843,0.03748711571097374,-0.04392195865511894,-0.4764610826969147,0.0677366703748703,-0.011050340719521046,-0.6411401629447937,0.013772335834801197,0.028592424467206,-0.5692760348320007,-0.041482314467430115,0.046551093459129333,-0.49007895588874817,-0.05901782587170601,0.04292351379990578,-0.4197121858596802,0.07330968230962753,0.0790080651640892,-0.5624319911003113,0.0008445600396953523,0.09917889535427094,-0.5096234679222107,-0.04507977515459061,0.10186809301376343,-0.4299803376197815,-0.06356052309274673
scissors,0.0,0.0,0.0,0.007964024320244789,-0.19678905606269836,0.0336025133728981,0.06920720636844635,-0.3877912759780884,0.018521420657634735,0.1718994826078415,-0.5027067065238953,-0.01638544537127018,0.2494821846485138,-0.5111299753189087,-0.04863825440406799,-0.021960599347949028,-0.5104194283485413,-0.003128067357465625,0.03971172124147415,-0.7266761064529419,-0.03560482710599899,0.07012085616588593,-0.8563895225524902,-0.054764047265052795,0.08556634187698364,-0.9559156894683838,-0.06904181838035583,0.008207352831959724,-0.48221954703330994,-0.059257034212350845,0.08415579795837402,-0.7188680171966553,-0.10605757683515549,0.13530609011650085,-0.867398738861084,-0.13566239178180695,0.16664500534534454,-0.9737571477890015,-0.15500470995903015,0.04993610829114914,-0.4225713312625885,-0.1119147315621376,0.20404407382011414,-0.5917972922325134,-0.15237626433372498,0.25498536229133606,-0.5165267586708069,-0.13813985884189606,0.2500060498714447,-0.4543360471725464,-0.1167244240641594,0.11786793172359467,-0.3514290452003479,-0.16420966386795044,0.2440042644739151,-0.5134380459785461,-0.17206105589866638,0.28312355279922485,-0.46996623277664185,-0.142964705824852,0.27849918603897095,-0.4103769063949585,-0.11735095083713531
scissors,0.0,0.0,0.0,-0.09113357961177826,-0.09953925013542175,-0.0640915185213089,-0.12720227241516113,-0.25376081466674805,-0.10103783011436462,-0.038259487599134445,-0.36393579840660095,-0.13880187273025513,0.05835811421275139,-0.4130844175815582,-0.17360876500606537,-0.09540574997663498,-0.5152674913406372,-0.050580546259880066,-0.11101298034191132,-0.7077349424362183,-0.09692513942718506,-0.11550690978765488,-0.8232365846633911,-0.13207636773586273,-0.11515825986862183,-0.9273962378501892,-0.1589229255914688,-0.00014335989544633776,-0.5280652642250061,-0.05764506384730339,0.029185008257627487,-0.7449800372123718,-0.10492724925279617,0.0546874925494194,-0.8701378703117371,-0.1398259997367859,0.07995200902223587,-0.9834017753601074,-0.1628756821155548,0.0746556743979454,-0.4777624011039734,-0.07285677641630173,0.12150966376066208,-0.6161059737205505,-0.1434241384267807,0.09456952661275864,-0.49062108993530273,-0.1547977477312088,0.0704244077205658,-0.38475021719932556,-0.1447000652551651,0.13664895296096802,-0.38536569476127625,-0.09386079013347626,0.17290392518043518,-0.4818592965602875,-0.1526683121919632,0.1476786732673645,-0.40758684277534485,-0.15479174256324768,0.12187705188989639,-0.32764801383018494,-0.14418987929821014
scissors,0.0,0.0,0.0,0.02780098281800747,-0.19913353025913239,0.027236875146627426,0.004051183816045523,-0.39029955863952637,0.0034359667915850878,-0.08411761373281479,-0.5015181303024292,-0.027438553050160408,-0.16593977808952332,-0.5321054458618164,-0.06110800430178642,0.05812017619609833,-0.4881555736064911,-0.08952154219150543,0.004184357821941376,-0.7258192300796509,-0.14823563396930695,-0.012686106376349926,-0.8650168180465698,-0.18575987219810486,-0.026619715616106987,-0.9772038459777832,-0.21062764525413513,0.021710144355893135,-0.41821950674057007,-0.12646788358688354,-0.0748658999800682,-0.67270427942276,-0.18404436111450195,-0.13025636970996857,-0.8256587982177734,-0.2163587510585785,-0.16977918148040771,-0.9435757994651794,-0.24355626106262207,-0.04316406697034836,-0.3440484404563904,-0.15262262523174286,-0.1962699443101883,-0.5550267100334167,-0.18666836619377136,-0.2361765205860138,-0.5100499391555786,-0.16350647807121277,-0.23412421345710754,-0.4500989615917206,-0.14350375533103943,-0.11614584922790527,-0.27994808554649353,-0.17648464441299438,-0.24814064800739288,-0.4462928771972656,-0.19217467308044434,-0.2853148579597473,-0.4520227313041687,-0.170895054936409,-0.2944222688674927,-0.4364927113056183,-0.152396097779274
scissors,0.0,0.0,0.0,-0.04844332113862038,-0.24850177764892578,-0.018049107864499092,-0.20027796924114227,-0.4208783507347107,-0.058445774018764496,-0.3656124472618103,-0.4826439321041107,-0.08878301829099655,-0.4760443866252899,-0.49713027477264404,-0.12313404679298401,-0.17331929504871368,-0.48454445600509644,-0.1750108301639557,-0.36774906516075134,-0.6129907369613647,-0.24094678461551666,-0.48934483528137207,-0.6859771609306335,-0.2752213776111603,-0.5947731137275696,-0.7469295263290405,-0.2972225248813629,-0.1974000781774521,-0.33034974336624146,-0.18763472139835358,-0.4660125970840454,-0.38308995962142944,-0.2506360113620758,-0.6391459107398987,-0.4132712781429291,-0.27474695444107056,-0.7633460164070129,-0.41958755254745483,-0.29819798469543457,-0.2354774922132492,-0.17834927141666412,-0.1885407269001007,-0.5167410373687744,-0.24852712452411652,-0.23773865401744843,-0.5449243783950806,-0.2676329016685486,-0.22040347754955292,-0.5162984728813171,-0.25232741236686707,-0.20306214690208435,-0.28135448694229126,-0.046885304152965546,-0.18731853365898132,-0.5083144307136536,-0.12775814533233643,-0.22042404115200043,-0.553723156452179,-0.17877338826656342,-0.20640869438648224,-0.5513712763786316,-0.21483194828033447,-0.1904221773147583
scissors,0.0,0.0,0.0,-0.09987036138772964,-0.272209107875824,-0.021668460220098495,-0.302068293094635,-0.3765832185745239,-0.06614652276039124,-0.4899929463863373,-0.35877877473831177,-0.09555894136428833,-0.6330479979515076,-0.3436833620071411,-0.12869253754615784,-0.29181814193725586,-0.43498024344444275,-0.21745100617408752,-0.49256575107574463,-0.47784435749053955,-0.2968246042728424,-0.6465877890586853,-0.4901825785636902,-0.33634912967681885,-0.7770552635192871,-0.49370646476745605,-0.3585832715034485,-0.29938584566116333,-0.2321968972682953,-0.22460953891277313,-0.5988574028015137,-0.16632160544395447,-0.29908284544944763,-0.8034923076629639,-0.12284725159406662,-0.31498199701309204,-0.9419670104980469,-0.07165423035621643,-0.327969491481781,-0.31507739424705505,-0.04032272845506668,-0.2175842970609665,-0.6307008862495422,-0.025992276147007942,-0.26883214712142944,-0.6823679208755493,-0.09566349536180496,-0.24384954571723938,-0.6560818552970886,-0.13410188257694244,-0.2172846496105194,-0.333376944065094,0.11325720697641373,-0.20754756033420563,-0.5853762626647949,0.0774773433804512,-0.23982252180576324,-0.6436871290206909,0.00012811330088879913,-0.21802794933319092,-0.6414188742637634,-0.071046844124794,-0.1916455626487732
scissors,0.0,0.0,0.0,-0.06914545595645905,-0.08798135817050934,-0.0745953917503357,-0.09136710315942764,-0.2282760888338089,-0.1084999144077301,-0.008892515674233437,-0.3484949469566345,-0.14050164818763733,0.07498970627784729,-0.4186926484107971,-0.1676078885793686,-0.1234189122915268,-0.4834500253200531,-0.04451107233762741,-0.14811547100543976,-0.690148115158081,-0.0850057303905487,-0.15752650797367096,-0.8105887770652771,-0.11329261213541031,-0.16151228547096252,-0.9153067469596863,-0.13325335085391998,-0.03217610716819763,-0.5138753056526184,-0.04369025677442551,-0.030025281012058258,-0.7430641651153564,-0.08670955896377563,-0.011020231992006302,-0.8755694627761841,-0.12563233077526093,0.006611099932342768,-0.9887662529945374,-0.14932425320148468,0.046562809497117996,-0.4782823920249939,-0.05225837975740433,0.10025948286056519,-0.6148258447647095,-0.13266634941101074,0.14488615095615387,-0.516767680644989,-0.16983933746814728,0.16563835740089417,-0.4189591705799103,-0.1720917522907257,0.11739717423915863,-0.4009231925010681,-0.0651225596666336,0.17726285755634308,-0.48991987109184265,-0.13822267949581146,0.2070622444152832,-0.4303142726421356,-0.15952260792255402,0.2150041162967682,-0.350824236869812,-0.15844248235225677
scissors,0.0,0.0,0.0,-0.03463311120867729,-0.07870373129844666,-0.12090194970369339,-0.02257697284221649,-0.21473073959350586,-0.16733162105083466,0.07628241181373596,-0.33541497588157654,-0.19920699298381805,0.16524997353553772,-0.41604378819465637,-0.22322778403759003,-0.06377402693033218,-0.4909956455230713,-0.084251768887043,-0.0580257847905159,-0.6948825120925903,-0.13412129878997803,-0.0478672981262207,-0.821170449256897,-0.17218242585659027,-0.03720982000231743,-0.9316006302833557,-0.19967694580554962,0.02524454891681671,-0.5138949751853943,-0.05747035890817642,0.048504721373319626,-0.7315060496330261,-0.1066901758313179,0.08199066668748856,-0.8611876368522644,-0.14925169944763184,0.10779032111167908,-0.9782454967498779,-0.17724837362766266,0.09295202791690826,-0.47442764043807983,-0.04431438818573952,0.15954254567623138,-0.6251875758171082,-0.12668542563915253,0.20164601504802704,-0.5371291041374207,-0.16492760181427002,0.21496914327144623,-0.4550197124481201,-0.17036564648151398,0.14382416009902954,-0.3963865637779236,-0.03973705694079399,0.2090526819229126,-0.5006363987922668,-0.1118551567196846,0.24521006643772125,-0.47474199533462524,-0.13900570571422577,0.25237488746643066,-0.43676501512527466,-0.14481762051582336
paper,0.0,0.0,0.0,-0.12987485527992249,-0.08439062535762787,-0.06229354068636894,-0.24673248827457428,-0.2168758660554886,-0.10086409747600555,-0.3381718099117279,-0.3330463767051697,-0.13477842509746552,-0.4259294867515564,-0.3957209587097168,-0.16820977628231049,-0.12044458091259003,-0.4989180266857147,-0.050001587718725204,-0.1494099646806717,-0.694019079208374,-0.0912097617983818,-0.1615421026945114,-0.8121112585067749,-0.12845492362976074,-0.16739504039287567,-0.9192686080932617,-0.15781813859939575,-0.03208719938993454,-0.5212721228599548,-0.05629410967230797,-0.027422327548265457,-0.7411603927612305,-0.08862507343292236,-0.02214689366519451,-0.8738410472869873,-0.11759737133979797,-0.018148908391594887,-0.9897886514663696,-0.14138279855251312,0.0492231585085392,-0.4957493543624878,-0.07227086275815964,0.06411653757095337,-0.6970635056495667,-0.10803208500146866,0.06721716374158859,-0.8198930621147156,-0.13082285225391388,0.06466645002365112,-0.9288845658302307,-0.14884060621261597,0.128257617354393,-0.4371415376663208,-0.09488753229379654,0.16302157938480377,-0.5888468623161316,-0.12653137743473053,0.17944979667663574,-0.691827118396759,-0.13855068385601044,0.18885107338428497,-0.7893985509872437,-0.14813533425331116
paper,0.0,0.0,0.0,-0.09161593019962311,-0.1380092352628708,0.029314912855625153,-0.10232480615377426,-0.30654630064964294,0.047992948442697525,-0.10074537247419357,-0.4022214710712433,0.052012719213962555,-0.09227269142866135,-0.45813316106796265,0.05177687853574753,-0.004593101795762777,-0.5080332159996033,0.05781613290309906,0.00615038862451911,-0.6817104816436768,0.041219811886548996,0.007289093919098377,-0.8057229518890381,0.02181980013847351,0.01251080073416233,-0.9069198369979858,0.004375276155769825,0.02911134995520115,-0.5040266513824463,0.01451670192182064,0.054113443940877914,-0.7184159755706787,-0.012242773547768593,0.06572313606739044,-0.8643002510070801,-0.039596136659383774,0.07882587611675262,-0.9951513409614563,-0.058823902159929276,0.05830644443631172,-0.470208078622818,-0.033028606325387955,0.08554327487945557,-0.6815641522407532,-0.06411390751600266,0.0920468270778656,-0.8249866962432861,-0.09087307751178741,0.09625039249658585,-0.9495922327041626,-0.10876486450433731,0.08001122623682022,-0.416329026222229,-0.0803336352109909,0.0901486948132515,-0.5866380929946899,-0.1106952577829361,0.08486919850111008,-0.7065791487693787,-0.12879996001720428,0.07794559746980667,-0.8094169497489929,-0.14246253669261932
paper,0.0,0.0,0.0,-0.10933660715818405,-0.15171712636947632,-0.035754960030317307,-0.1615617424249649,-0.3568912744522095,-0.0630783885717392,-0.18482273817062378,-0.5036535263061523,-0.08935662358999252,-0.22065255045890808,-0.6279463768005371,-0.11910568177700043,-0.01371539942920208,-0.5083310008049011,-0.0747770369052887,-0.004411683883517981,-0.7130464315414429,-0.1333472728729248,-0.0034223387483507395,-0.8390743732452393,-0.175322026014328,-0.0010808242950588465,-0.9554212689399719,-0.20714181661605835,0.05867362022399902,-0.4653802812099457,-0.1009315773844719,0.10158038884401321,-0.686606228351593,-0.15761572122573853,0.1292986422777176,-0.8301793336868286,-0.19977687299251556,0.15139076113700867,-0.9613192677497864,-0.23010021448135376,0.11425825953483582,-0.3730124831199646,-0.13131362199783325,0.1609804630279541,-0.5669634342193604,-0.19275406002998352,0.1871432512998581,-0.6982622146606445,-0.22960585355758667,0.20405620336532593,-0.8231756091117859,-0.2542881667613983,0.15834613144397736,-0.24678358435630798,-0.1630750596523285,0.2111295759677887,-0.374406635761261,-0.22252976894378662,0.235789954662323,-0.471235454082489,-0.2478746473789215,0.250070184469223,-0.5682322978973389,-0.2642381191253662
paper,0.0,0.0,0.0,-0.10260551422834396,-0.28173473477363586,-0.004547107499092817,-0.13805605471134186,-0.5273838639259338,-0.01800863817334175,-0.14993099868297577,-0.7127306461334229,-0.036527395248413086,-0.17096222937107086,-0.8539049029350281,-0.057082124054431915,-0.024700086563825607,-0.5389963984489441,-0.0785665512084961,-0.08484350144863129,-0.7294312119483948,-0.14173541963100433,-0.12150358408689499,-0.8504526615142822,-0.18628059327602386,-0.15067198872566223,-0.9636547565460205,-0.22060689330101013,0.0007102297386154532,-0.4510963261127472,-0.11829427629709244,-0.0686553567647934,-0.6151905655860901,-0.1884961575269699,-0.10240655392408371,-0.7306213974952698,-0.23100729286670685,-0.13802948594093323,-0.831558883190155,-0.2656707763671875,0.002349966438487172,-0.339834600687027,-0.15772679448127747,-0.07828987389802933,-0.46390190720558167,-0.2278878390789032,-0.13127632439136505,-0.545592188835144,-0.2604844272136688,-0.18637844920158386,-0.6153860688209534,-0.283376008272171,-0.02078746259212494,-0.20473963022232056,-0.19712908565998077,-0.10036547482013702,-0.2831796705722809,-0.2621125280857086,-0.16978819668293,-0.32838699221611023,-0.2901149094104767,-0.23809422552585602,-0.360704630613327,-0.3096839487552643
paper,0.0,0.0,0.0,-0.028888700529932976,-0.2358361929655075,-0.011806010268628597,-0.062124479562044144,-0.4874241054058075,-0.036931369453668594,-0.07057677954435349,-0.6861540079116821,-0.06217102333903313,-0.02481178566813469,-0.8378434181213379,-0.09210800379514694,-0.03420194238424301,-0.49974122643470764,-0.10491602122783661,-0.10487667471170425,-0.7053943276405334,-0.16330291330814362,-0.1543063521385193,-0.8356350660324097,-0.1975572109222412,-0.19695250689983368,-0.954657793045044,-0.2232445627450943,-0.042024221271276474,-0.4089820384979248,-0.13211113214492798,-0.13516324758529663,-0.5951331257820129,-0.1946183294057846,-0.2094859480857849,-0.7281250953674316,-0.22925812005996704,-0.27842795848846436,-0.8336498141288757,-0.2600093483924866,-0.07137513905763626,-0.29521143436431885,-0.15603090822696686,-0.20848044753074646,-0.4440326988697052,-0.2179507464170456,-0.30429816246032715,-0.5534191131591797,-0.2464297115802765,-0.38107770681381226,-0.64043790102005,-0.26775240898132324,-0.11846063286066055,-0.17313995957374573,-0.1777666211128235,-0.250576913356781,-0.2865893244743347,-0.23365771770477295,-0.3363639712333679,-0.3594139814376831,-0.25973156094551086,-0.414073646068573,-0.42403683066368103,-0.27911823987960815
paper,0.0,0.0,0.0,0.006251698359847069,-0.2205466777086258,0.0007143499096855521,0.0031840698793530464,-0.46669521927833557,-0.027499914169311523,0.00789665337651968,-0.6573852300643921,-0.05561221390962601,0.06801285594701767,-0.788472056388855,-0.09209215641021729,0.017256995663046837,-0.48169517517089844,-0.12243637442588806,-0.07089486718177795,-0.7100279331207275,-0.17599931359291077,-0.1205613911151886,-0.8445479869842529,-0.2011803239583969,-0.15975303947925568,-0.9624341130256653,-0.21954387426376343,-0.01868245005607605,-0.39087557792663574,-0.1534217894077301,-0.1405726671218872,-0.6167632937431335,-0.20809583365917206,-0.2199689894914627,-0.7585420608520508,-0.23225097358226776,-0.28547731041908264,-0.8702136278152466,-0.25575879216194153,-0.07578819990158081,-0.2850092947483063,-0.17787739634513855,-0.22774450480937958,-0.4825325012207031,-0.22951945662498474,-0.3236823081970215,-0.6098666191101074,-0.2528960406780243,-0.39604121446609497,-0.7092552781105042,-0.27244970202445984,-0.14549396932125092,-0.17869147658348083,-0.19793052971363068,-0.2788470983505249,-0.33581849932670593,-0.2467149943113327,-0.3592635691165924,-0.42712175846099854,-0.26893043518066406,-0.4287479519844055,-0.5088092088699341,-0.28598928451538086
paper,0.0,0.0,0.0,0.09688500314950943,-0.14925234019756317,-0.009680786170065403,0.1564766764640808,-0.3266361355781555,-0.03484230116009712,0.19665652513504028,-0.4856932461261749,-0.058515582233667374,0.24317114055156708,-0.5933611392974854,-0.08684823662042618,0.07603779435157776,-0.4499550759792328,-0.09045223146677017,0.041581716388463974,-0.7051659226417542,-0.13101954758167267,0.017821907997131348,-0.8514216542243958,-0.14884351193904877,-0.0018699229694902897,-0.9678608179092407,-0.15894392132759094,-0.01011342741549015,-0.42977139353752136,-0.10735304653644562,-0.0734882652759552,-0.6982304453849792,-0.14815253019332886,-0.117985799908638,-0.8563427925109863,-0.16768932342529297,-0.15380623936653137,-0.9714095592498779,-0.1808510273694992,-0.09354670345783234,-0.3825601041316986,-0.11964668333530426,-0.1784895807504654,-0.6110027432441711,-0.15278463065624237,-0.23239468038082123,-0.7494158148765564,-0.1703462153673172,-0.27158400416374207,-0.8481036424636841,-0.18188081681728363,-0.17109087109565735,-0.31875360012054443,-0.12979666888713837,-0.2435895949602127,-0.49766501784324646,-0.15983016788959503,-0.2883664667606354,-0.5995689034461975,-0.1710132211446762,-0.32454046607017517,-0.6887996792793274,-0.17561385035514832
paper,0.0,0.0,0.0,0.10283411294221878,-0.10654597729444504,0.004152562934905291,0.18068161606788635,-0.24882467091083527,-0.017142286524176598,0.24459907412528992,-0.3685969412326813,-0.04080628976225853,0.3135841488838196,-0.4358850419521332,-0.06944933533668518,0.15015386044979095,-0.408340185880661,-0.07078243792057037,0.15500040352344513,-0.6587395668029785,-0.10974379628896713,0.15085965394973755,-0.8028678894042969,-0.1275068074464798,0.14767397940158844,-0.9157666563987732,-0.13696616888046265,0.08196508139371872,-0.4139251410961151,-0.09416545927524567,0.07678061723709106,-0.6892051100730896,-0.13240768015384674,0.06692904978990555,-0.8557443022727966,-0.15060624480247498,0.057453401386737823,-0.9850567579269409,-0.16236475110054016,0.0033118175342679024,-0.39485999941825867,-0.1126229539513588,-0.028096914291381836,-0.6454873085021973,-0.14421021938323975,-0.05440838634967804,-0.7995348572731018,-0.1608787477016449,-0.07373354583978653,-0.9161707162857056,-0.17147932946681976,-0.08175015449523926,-0.35605910420417786,-0.1280180662870407,-0.12119157612323761,-0.5416741371154785,-0.15529516339302063,-0.14938972890377045,-0.6547057032585144,-0.16355781257152557,-0.17414738237857819,-0.7557522654533386,-0.1664058268070221
paper,0.0,0.0,0.0,-0.08711768686771393,-0.16654694080352783,0.09189016371965408,-0.07869687676429749,-0.3108682930469513,0.14266186952590942,-0.07720863819122314,-0.39050939679145813,0.16454154253005981,-0.07160435616970062,-0.43522146344184875,0.18003422021865845,0.04987635836005211,-0.5035982131958008,0.16047780215740204,0.04063744470477104,-0.665047287940979,0.17380018532276154,0.026668988168239594,-0.7841681241989136,0.1675116866827011,0.015727892518043518,-0.8872458338737488,0.1541605442762375,0.08165764063596725,-0.5104531645774841,0.08758564293384552,0.08135828375816345,-0.7265239357948303,0.0856141597032547,0.07662858814001083,-0.8706106543540955,0.06515585631132126,0.07267825305461884,-0.9962548017501831,0.04684353247284889,0.10035283863544464,-0.4887419641017914,0.010667943395674229,0.09481126070022583,-0.7104137539863586,-0.006749024149030447,0.08178351819515228,-0.855468213558197,-0.03306841105222702,0.06905295699834824,-0.983156681060791,-0.05355779081583023,0.10252334922552109,-0.45632678270339966,-0.06147214397788048,0.0701279416680336,-0.6461560130119324,-0.08554732799530029,0.04114685207605362,-0.7628029584884644,-0.10280396789312363,0.016516901552677155,-0.8713727593421936,-0.11826130002737045
paper,0.0,0.0,0.0,-0.10901748389005661,-0.1333920806646347,0.06271475553512573,-0.14505398273468018,-0.26971033215522766,0.1084657832980156,-0.16646906733512878,-0.34989723563194275,0.1331530511379242,-0.17238958179950714,-0.4095367193222046,0.15395167469978333,-0.006873163860291243,-0.49936628341674805,0.1368255466222763,-0.03430823236703873,-0.6667152047157288,0.15053871273994446,-0.059998832643032074,-0.7756422162055969,0.14460045099258423,-0.07828407734632492,-0.8761125802993774,0.13438402116298676,0.04511875659227371,-0.5040608048439026,0.08289112895727158,0.044498056173324585,-0.7252245545387268,0.08623133599758148,0.040923889726400375,-0.8740501403808594,0.06732947379350662,0.038545142859220505,-0.9979717135429382,0.050662439316511154,0.08800388127565384,-0.4779399335384369,0.0231118556112051,0.08467020094394684,-0.6786226630210876,0.009295887313783169,0.06656082719564438,-0.821027398109436,-0.019232753664255142,0.04858347773551941,-0.939501941204071,-0.03855122998356819,0.12023063004016876,-0.4375142753124237,-0.03403192386031151,0.10220436006784439,-0.6246265769004822,-0.05616768077015877,0.0758214071393013,-0.741293728351593,-0.07341042160987854,0.047030095010995865,-0.8432278633117676,-0.08613280206918716
paper,0.0,0.0,0.0,-0.1118767112493515,-0.10471071302890778,0.00980193167924881,-0.17501682043075562,-0.24739333987236023,0.021535128355026245,-0.21227993071079254,-0.3306759297847748,0.022007210180163383,-0.2339700311422348,-0.39962711930274963,0.020445188507437706,-0.030454406514763832,-0.5034340620040894,0.058002397418022156,-0.065780408680439,-0.6755774021148682,0.04751536250114441,-0.09452863037586212,-0.7832440733909607,0.0253315232694149,-0.11558524519205093,-0.8838554620742798,0.005018854048103094,0.030094800516963005,-0.5174751281738281,0.025333596393465996,0.021890461444854736,-0.7326029539108276,0.011853632517158985,0.012534462846815586,-0.8737806677818298,-0.013706452213227749,0.007096122484654188,-0.9993671178817749,-0.034857701510190964,0.0829073041677475,-0.49773645401000977,-0.014632062055170536,0.08341722935438156,-0.7012954354286194,-0.03614762797951698,0.06604321300983429,-0.8405656218528748,-0.06488661468029022,0.049937646836042404,-0.9614260792732239,-0.08536288142204285,0.12836501002311707,-0.45791009068489075,-0.05641302093863487,0.12181267142295837,-0.6383950114250183,-0.08202909678220749,0.09664133191108704,-0.7591501474380493,-0.09982894361019135,0.0667886883020401,-0.8658483028411865,-0.11280954629182816
paper,0.0,0.0,0.0,-0.11325854063034058,-0.10442593693733215,0.0020153613295406103,-0.1858265995979309,-0.24744342267513275,0.006699755787849426,-0.22720061242580414,-0.33624356985092163,0.0013599485391750932,-0.2604513466358185,-0.40144768357276917,-0.005282329861074686,-0.05021827667951584,-0.5018025040626526,0.04533151537179947,-0.0947335809469223,-0.6763582229614258,0.02857302874326706,-0.12583623826503754,-0.7831926345825195,0.0027374541386961937,-0.1463325470685959,-0.8824135065078735,-0.020177343860268593,0.009589449502527714,-0.5229381322860718,0.014931966550648212,-0.012685052119195461,-0.7410714626312256,-0.001549055683426559,-0.02463134191930294,-0.8781856894493103,-0.026849830523133278,-0.03063054196536541,-0.9983998537063599,-0.04753502458333969,0.06747941672801971,-0.5092281103134155,-0.023181768134236336,0.05338440090417862,-0.7256778478622437,-0.04511631280183792,0.03508859872817993,-0.8615003824234009,-0.06955324858427048,0.018421724438667297,-0.9813040494918823,-0.0879126712679863,0.12685824930667877,-0.46991974115371704,-0.06413616240024567,0.11940453946590424,-0.645268976688385,-0.09018219262361526,0.09518761932849884,-0.7646818161010742,-0.10634808987379074,0.06522038578987122,-0.8724968433380127,-0.11829616874456406
paper,0.0,0.0,0.0,-0.1398414820432663,-0.08463781327009201,-0.026726115494966507,-0.25393447279930115,-0.21872283518314362,-0.040112949907779694,-0.3235916197299957,-0.3200182318687439,-0.05623231455683708,-0.38680875301361084,-0.38106346130371094,-0.07418137788772583,-0.13154736161231995,-0.493094265460968,-0.0009247508714906871,-0.1927276849746704,-0.6660988926887512,-0.030708052217960358,-0.2287854105234146,-0.7683436870574951,-0.06423914432525635,-0.25478729605674744,-0.8637495636940002,-0.0917934775352478,-0.05013048276305199,-0.5243790149688721,-0.02100392058491707,-0.08449797332286835,-0.7422828674316406,-0.04673345386981964,-0.10312185436487198,-0.8748874068260193,-0.07793856412172318,-0.11685840040445328,-0.9877892136573792,-0.10303716361522675,0.031482111662626266,-0.5124372839927673,-0.04923231154680252,0.01279874425381422,-0.7256616353988647,-0.08004496991634369,-0.005294536240398884,-0.8574836254119873,-0.10864544659852982,-0.024670204147696495,-0.9759649038314819,-0.13060666620731354,0.11567296087741852,-0.4660930335521698,-0.0812172144651413,0.12278837710618973,-0.634773313999176,-0.11121058464050293,0.11661569029092789,-0.7491220831871033,-0.12703505158424377,0.10460373014211655,-0.8591674566268921,-0.13959476351737976
paper,0.0,0.0,0.0,-0.14695756137371063,-0.07455099374055862,-0.044508449733257294,-0.2767728269100189,-0.20412705838680267,-0.06777989864349365,-0.3628746271133423,-0.3176650404930115,-0.08937195688486099,-0.4389325678348541,-0.38217347860336304,-0.11180979013442993,-0.1628609597682953,-0.48242124915122986,-0.024025654420256615,-0.2259022742509842,-0.6629692316055298,-0.05796412006020546,-0.26094889640808105,-0.7706454992294312,-0.0919603481888771,-0.28568950295448303,-0.8713001012802124,-0.11978556215763092,-0.07329455018043518,-0.5212551355361938,-0.03699617087841034,-0.1068117693066597,-0.7373692989349365,-0.06573264300823212,-0.12619173526763916,-0.8695405721664429,-0.09656743705272675,-0.1416494995355606,-0.982399582862854,-0.121763676404953,0.015284757129848003,-0.5105729699134827,-0.0587909035384655,0.0011204627808183432,-0.7171499729156494,-0.09386809170246124,-0.012581818737089634,-0.8472443222999573,-0.1213427186012268,-0.028006982058286667,-0.9629639387130737,-0.14250601828098297,0.103886179625988,-0.4653874635696411,-0.08538486063480377,0.1180945485830307,-0.6298761963844299,-0.11906629800796509,0.12239798158407211,-0.7422543168067932,-0.1348782330751419,0.12302841991186142,-0.8513709902763367,-0.14703421294689178
paper,0.0,0.0,0.0,-0.14751026034355164,-0.06996028125286102,-0.05392619967460632,-0.279231458902359,-0.19443517923355103,-0.08396685123443604,-0.3728301525115967,-0.31018131971359253,-0.11110825836658478,-0.45598840713500977,-0.38217005133628845,-0.1381472647190094,-0.1692550927400589,-0.48075366020202637,-0.032166559249162674,-0.23089726269245148,-0.6625879406929016,-0.07010041177272797,-0.26682978868484497,-0.7699373960494995,-0.10679072141647339,-0.29384180903434753,-0.8711372017860413,-0.13638755679130554,-0.0801696702837944,-0.5201501250267029,-0.042131200432777405,-0.11332988739013672,-0.7340839505195618,-0.07372775673866272,-0.13368651270866394,-0.8652907013893127,-0.10518183559179306,-0.15109236538410187,-0.9798208475112915,-0.13085196912288666,0.008426803164184093,-0.5089331865310669,-0.06187219172716141,-0.004811298567801714,-0.7157359719276428,-0.09983973205089569,-0.0181653443723917,-0.8409363031387329,-0.12500889599323273,-0.03407050669193268,-0.9530224800109863,-0.14418427646160126,0.09776170551776886,-0.46297529339790344,-0.08741940557956696,0.1150943860411644,-0.6244494318962097,-0.12297222018241882,0.12090807408094406,-0.7348405718803406,-0.13769091665744781,0.12282584607601166,-0.8423718214035034,-0.14864616096019745
paper,0.0,0.0,0.0,-0.1520969271659851,-0.060405030846595764,-0.05990278720855713,-0.2921229302883148,-0.17445819079875946,-0.09085725247859955,-0.3940039873123169,-0.2918420732021332,-0.11756765842437744,-0.4826785624027252,-0.36887213587760925,-0.14175987243652344,-0.2024458795785904,-0.47677338123321533,-0.026106761768460274,-0.2652883231639862,-0.6656494736671448,-0.06028786674141884,-0.29766780138015747,-0.7770840525627136,-0.09451573342084885,-0.32190409302711487,-0.8807036876678467,-0.12242816388607025,-0.11858782172203064,-0.5205878615379333,-0.03123660385608673,-0.1568996012210846,-0.7376426458358765,-0.056633125990629196,-0.17634791135787964,-0.8666411638259888,-0.08257008343935013,-0.19231195747852325,-0.9757214188575745,-0.104803666472435,-0.033527351915836334,-0.5152594447135925,-0.047703057527542114,-0.055472660809755325,-0.722151517868042,-0.07900949567556381,-0.07100506126880646,-0.8425571322441101,-0.09830246865749359,-0.08889328688383102,-0.9487143754959106,-0.11466694623231888,0.05644657090306282,-0.47719988226890564,-0.07126273959875107,0.06623920053243637,-0.6368656754493713,-0.10147423297166824,0.0677449032664299,-0.7425265312194824,-0.1129613146185875,0.06646651029586792,-0.8459129333496094,-0.1223224550485611
paper,0.0,0.0,0.0,-0.14020873606204987,-0.042880237102508545,-0.07332126051187515,-0.2771906554698944,-0.14901220798492432,-0.1099744662642479,-0.3796185851097107,-0.2659027576446533,-0.1391242891550064,-0.47165584564208984,-0.34107697010040283,-0.16469523310661316,-0.22695320844650269,-0.45611289143562317,-0.044153593480587006,-0.28651779890060425,-0.6486883163452148,-0.08463480323553085,-0.31641685962677,-0.764605700969696,-0.12314038723707199,-0.33939939737319946,-0.8718655109405518,-0.15298904478549957,-0.15151406824588776,-0.5088969469070435,-0.04179765284061432,-0.19271622598171234,-0.7269792556762695,-0.07075566798448563,-0.215877965092659,-0.8563259243965149,-0.09913227707147598,-0.2377367913722992,-0.9635267853736877,-0.12287113815546036,-0.07406394928693771,-0.5124922394752502,-0.05098562315106392,-0.10404407978057861,-0.719750165939331,-0.0833262950181961,-0.1267225295305252,-0.8391998410224915,-0.10341594368219376,-0.15162290632724762,-0.9406617283821106,-0.12042909860610962,0.010832732543349266,-0.4831448793411255,-0.06846556067466736,0.01461612619459629,-0.6417678594589233,-0.09896401315927505,0.014057974331080914,-0.7446755766868591,-0.11115088313817978,0.011180801317095757,-0.8411651849746704,-0.12077070772647858
paper,0.0,0.0,0.0,-0.12750200927257538,-0.03399327024817467,-0.08581913262605667,-0.2510543763637543,-0.1359052211046219,-0.1254788488149643,-0.33777812123298645,-0.260175883769989,-0.15499906241893768,-0.4255961775779724,-0.34472450613975525,-0.1803991198539734,-0.2259737104177475,-0.438565731048584,-0.058548830449581146,-0.2825937867164612,-0.6317725777626038,-0.10427391529083252,-0.3124673068523407,-0.7511194348335266,-0.14597029983997345,-0.33676639199256897,-0.8610475659370422,-0.17704011499881744,-0.1637536883354187,-0.49472177028656006,-0.04919276759028435,-0.20727920532226562,-0.7133464217185974,-0.08284851163625717,-0.23235204815864563,-0.8443097472190857,-0.1151488795876503,-0.2566002905368805,-0.9561474919319153,-0.14120253920555115,-0.09863613545894623,-0.5035194754600525,-0.052044160664081573,-0.12933482229709625,-0.7077478766441345,-0.08810292929410934,-0.15140047669410706,-0.8325728178024292,-0.11439671367406845,-0.17388392984867096,-0.9392496347427368,-0.13483494520187378,-0.023860901594161987,-0.47875574231147766,-0.06417793780565262,-0.020861854776740074,-0.6383416652679443,-0.09777072817087173,-0.018287168815732002,-0.7436508536338806,-0.11560052633285522,-0.017710251733660698,-0.8406701683998108,-0.12883879244327545
paper,0.0,0.0,0.0,-0.10502874851226807,-0.025457659736275673,-0.11280645430088043,-0.2081587165594101,-0.12280414253473282,-0.16293254494667053,-0.27427640557289124,-0.24757252633571625,-0.19701719284057617,-0.3490324020385742,-0.34454986453056335,-0.2261175811290741,-0.20956136286258698,-0.42004385590553284,-0.0914362221956253,-0.25225022435188293,-0.6179802417755127,-0.1457572877407074,-0.2773591876029968,-0.7422743439674377,-0.19362200796604156,-0.29909661412239075,-0.856011688709259,-0.2273053228855133,-0.15716537833213806,-0.47535401582717896,-0.06718208640813828,-0.19633810222148895,-0.6968768835067749,-0.10818279534578323,-0.22478221356868744,-0.832131028175354,-0.14608357846736908,-0.25314095616340637,-0.9514612555503845,-0.1750461310148239,-0.10329875349998474,-0.48613637685775757,-0.05599869042634964,-0.13458384573459625,-0.6874212026596069,-0.0935870110988617,-0.155582457780838,-0.8156463503837585,-0.12328086048364639,-0.17564550042152405,-0.9283558130264282,-0.14546270668506622,-0.04119563102722168,-0.463713675737381,-0.056398093700408936,-0.05217142403125763,-0.6192511916160583,-0.08815015107393265,-0.05487627163529396,-0.7191123962402344,-0.10640199482440948,-0.055417418479919434,-0.8099639415740967,-0.11991453170776367
paper,0.0,0.0,0.0,-0.08188877999782562,-0.02018890157341957,-0.11841398477554321,-0.16966582834720612,-0.11074482649564743,-0.17633196711540222,-0.22101572155952454,-0.2314750999212265,-0.21793311834335327,-0.28942152857780457,-0.3227800726890564,-0.2552141547203064,-0.19749590754508972,-0.4207606017589569,-0.11154710501432419,-0.24287685751914978,-0.6061886548995972,-0.17479118704795837,-0.2630690336227417,-0.733180820941925,-0.2280653864145279,-0.27889665961265564,-0.8486114144325256,-0.2647130489349365,-0.15956826508045197,-0.4771887958049774,-0.08712255954742432,-0.2041987180709839,-0.6862398386001587,-0.13698409497737885,-0.23157112300395966,-0.8239059448242188,-0.17699159681797028,-0.2581549882888794,-0.9437612891197205,-0.20656909048557281,-0.11513391882181168,-0.48962220549583435,-0.07558046281337738,-0.1541605144739151,-0.6808521151542664,-0.11929517984390259,-0.18456825613975525,-0.8117223978042603,-0.150274395942688,-0.2126273363828659,-0.9268820881843567,-0.1727922409772873,-0.059174709022045135,-0.4655000567436218,-0.07618660479784012,-0.07539449632167816,-0.6242631077766418,-0.11187087744474411,-0.08288531005382538,-0.7292826771736145,-0.1325712502002716,-0.0885983482003212,-0.8222285509109497,-0.1478106677532196
paper,0.0,0.0,0.0,-0.05971761420369148,-0.004930472932755947,-0.1478385031223297,-0.1338573694229126,-0.0762624740600586,-0.22536034882068634,-0.17646411061286926,-0.18843688070774078,-0.2810806930065155,-0.2271347939968109,-0.29249975085258484,-0.3321894109249115,-0.19089283049106598,-0.3821765184402466,-0.15674574673175812,-0.22380757331848145,-0.559975802898407,-0.241400346159935,-0.2316366732120514,-0.6967561841011047,-0.3092779219150543,-0.2357138991355896,-0.8230047225952148,-0.35414329171180725,-0.16467174887657166,-0.4499984383583069,-0.11886175721883774,-0.21282604336738586,-0.639558732509613,-0.19235648214817047,-0.23721952736377716,-0.7876351475715637,-0.24194028973579407,-0.26388177275657654,-0.9243611097335815,-0.2755414843559265,-0.12565994262695312,-0.4756096601486206,-0.09501061588525772,-0.17189784348011017,-0.6470713019371033,-0.16028396785259247,-0.19980908930301666,-0.7775483131408691,-0.19394244253635406,-0.22563010454177856,-0.8972353339195251,-0.21389371156692505,-0.07413187623023987,-0.4686867594718933,-0.08493151515722275,-0.09987986087799072,-0.6251313090324402,-0.13570573925971985,-0.10926395654678345,-0.7293955683708191,-0.15920409560203552,-0.11700838804244995,-0.8211091160774231,-0.17374512553215027
paper,0.0,0.0,0.0,-0.04210679978132248,-0.01221395656466484,-0.15702465176582336,-0.10011184215545654,-0.07986626029014587,-0.2406981736421585,-0.1382887065410614,-0.1819111853837967,-0.2985091805458069,-0.1855545938014984,-0.27712345123291016,-0.3518710136413574,-0.16976229846477509,-0.37018775939941406,-0.18311341106891632,-0.1884719580411911,-0.554462194442749,-0.26960310339927673,-0.19116054475307465,-0.6914960741996765,-0.3385362923145294,-0.1933392733335495,-0.821403980255127,-0.38431984186172485,-0.14795978367328644,-0.43649303913116455,-0.13776716589927673,-0.184440016746521,-0.6315860152244568,-0.21431025862693787,-0.20481891930103302,-0.7844200730323792,-0.26497605443000793,-0.2293098419904709,-0.9259898066520691,-0.29993289709091187,-0.11444377899169922,-0.4629211723804474,-0.10448750108480453,-0.14844375848770142,-0.6341932415962219,-0.16797970235347748,-0.17076081037521362,-0.7647923827171326,-0.2001643180847168,-0.1926417201757431,-0.8830453753471375,-0.21987400949001312,-0.07190757244825363,-0.4593726396560669,-0.08527112007141113,-0.09705966711044312,-0.6115754842758179,-0.13307170569896698,-0.10926199704408646,-0.7195944786071777,-0.1556386947631836,-0.12066908180713654,-0.8151273131370544,-0.16994106769561768
paper,0.0,0.0,0.0,0.037706658244132996,-0.027496792376041412,-0.1464473307132721,0.05636271834373474,-0.1160670593380928,-0.22666528820991516,0.06960106641054153,-0.23490490019321442,-0.28114885091781616,0.07525212317705154,-0.3473392426967621,-0.3333185911178589,-0.06687132269144058,-0.36834579706192017,-0.19488656520843506,-0.043222825974226,-0.5703373551368713,-0.27555686235427856,-0.031296566128730774,-0.7134814262390137,-0.3367386758327484,-0.02516602724790573,-0.8407761454582214,-0.37690848112106323,-0.08119890093803406,-0.4193003177642822,-0.1497744917869568,-0.0869690328836441,-0.6390253305435181,-0.22382493317127228,-0.08724698424339294,-0.8027629852294922,-0.2765340209007263,-0.09618794173002243,-0.9448565244674683,-0.31304001808166504,-0.07418244332075119,-0.4432022273540497,-0.11148037016391754,-0.09209457784891129,-0.6437708735466003,-0.17123281955718994,-0.0981401726603508,-0.7909252643585205,-0.21128974854946136,-0.10639834403991699,-0.9167193174362183,-0.23681850731372833,-0.059215616434812546,-0.4450371563434601,-0.08413085341453552,-0.07812883704900742,-0.609700083732605,-0.1281849443912506,-0.08497948199510574,-0.7299655079841614,-0.15456385910511017,-0.08990385383367538,-0.8308746814727783,-0.171676367521286
paper,0.0,0.0,0.0,0.1467237025499344,-0.07560315728187561,-0.033922504633665085,0.26174816489219666,-0.17325657606124878,-0.07048306614160538,0.3501748740673065,-0.291991651058197,-0.09988416731357574,0.42485466599464417,-0.3799690008163452,-0.13103225827217102,0.1545494943857193,-0.40095967054367065,-0.10019899904727936,0.20342271029949188,-0.6395147442817688,-0.1393672376871109,0.22869707643985748,-0.7791991829872131,-0.16043320298194885,0.24893340468406677,-0.8907124400138855,-0.17322441935539246,0.05784212052822113,-0.4313090443611145,-0.10162334889173508,0.077884741127491,-0.6977691650390625,-0.14255157113075256,0.08529864996671677,-0.8600746989250183,-0.1671266257762909,0.08792099356651306,-0.978859007358551,-0.18467487394809723,-0.029315682128071785,-0.4239791929721832,-0.09915143996477127,-0.025929348543286324,-0.6587597727775574,-0.1299905627965927,-0.02151881717145443,-0.8052189946174622,-0.14939366281032562,-0.017960984259843826,-0.9126757979393005,-0.16341803967952728,-0.10345590859651566,-0.38876873254776,-0.09657885879278183,-0.10231360048055649,-0.570193350315094,-0.12041223794221878,-0.10068875551223755,-0.6707603335380554,-0.12745775282382965,-0.09800296276807785,-0.7542428374290466,-0.13022367656230927
paper,0.0,0.0,0.0,0.145701065659523,-0.07593792676925659,-0.031984250992536545,0.26003387570381165,-0.17460694909095764,-0.06713273376226425,0.3464908003807068,-0.2927883565425873,-0.09595827013254166,0.418728768825531,-0.38154351711273193,-0.12653660774230957,0.1529737263917923,-0.40203186869621277,-0.09647303074598312,0.19928774237632751,-0.6397418975830078,-0.13543029129505157,0.2231139987707138,-0.7795756459236145,-0.15640148520469666,0.2420889437198639,-0.8911533951759338,-0.16919618844985962,0.057440709322690964,-0.4315282106399536,-0.09949406236410141,0.07500004768371582,-0.6975667476654053,-0.14122186601161957,0.08102107793092728,-0.8602107763290405,-0.16672123968601227,0.08233944326639175,-0.979346752166748,-0.1846621334552765,-0.029244061559438705,-0.423148512840271,-0.09859952330589294,-0.02892041578888893,-0.6558743715286255,-0.12983408570289612,-0.02508203126490116,-0.8011378645896912,-0.1491921842098236,-0.021816208958625793,-0.9075320363044739,-0.1628877967596054,-0.10408635437488556,-0.38666412234306335,-0.09756414592266083,-0.10495062917470932,-0.5663414597511292,-0.12095677107572556,-0.10329840332269669,-0.6671283841133118,-0.1275222897529602,-0.10047741234302521,-0.7504154443740845,-0.12991660833358765
paper,0.0,0.0,0.0,0.14556068181991577,-0.0775793045759201,-0.02728780172765255,0.257252037525177,-0.17969970405101776,-0.05924161523580551,0.3423205018043518,-0.29957693815231323,-0.08596140146255493,0.4115146994590759,-0.391028493642807,-0.11444813013076782,0.15746673941612244,-0.4110254943370819,-0.0878344401717186,0.2011086493730545,-0.6466355919837952,-0.12423959374427795,0.22359654307365417,-0.7850446105003357,-0.14430217444896698,0.2410534918308258,-0.8955134153366089,-0.15682467818260193,0.06266053020954132,-0.43969669938087463,-0.09289222955703735,0.08141747862100601,-0.6994853019714355,-0.1302674412727356,0.08984142541885376,-0.8614710569381714,-0.15391099452972412,0.09356722980737686,-0.9807347059249878,-0.1714775413274765,-0.024134952574968338,-0.43006986379623413,-0.09457651525735855,-0.025231389328837395,-0.658439040184021,-0.1234007254242897,-0.02201351337134838,-0.8055665493011475,-0.14341463148593903,-0.018579240888357162,-0.9132351279258728,-0.15822066366672516,-0.10024650394916534,-0.39354974031448364,-0.0959700271487236,-0.10724958032369614,-0.5728623867034912,-0.11979908496141434,-0.10933490097522736,-0.6796894073486328,-0.12893515825271606,-0.10751526057720184,-0.769966185092926,-0.13338662683963776
paper,0.0,0.0,0.0,0.13798993825912476,-0.07872922718524933,-0.02376163750886917,0.24654743075370789,-0.18895000219345093,-0.05389662832021713,0.3256237506866455,-0.3106401264667511,-0.08083686232566833,0.3921612799167633,-0.4029180705547333,-0.11052768677473068,0.15865649282932281,-0.4118560254573822,-0.08509712666273117,0.1920885443687439,-0.6532139778137207,-0.12325192242860794,0.2107377052307129,-0.7925754189491272,-0.14359413087368011,0.22669027745723724,-0.9023796916007996,-0.15633666515350342,0.06938190758228302,-0.4355834722518921,-0.09452906250953674,0.0837513655424118,-0.6969673037528992,-0.1310160756111145,0.09192001819610596,-0.8602446913719177,-0.15353995561599731,0.09792331606149673,-0.9803994297981262,-0.1709619164466858,-0.017031176015734673,-0.4236137866973877,-0.10164888203144073,-0.01855253241956234,-0.6635189056396484,-0.13248711824417114,-0.016898203641176224,-0.8168690800666809,-0.15561500191688538,-0.013712089508771896,-0.929843544960022,-0.1730232685804367,-0.09780289232730865,-0.3882387578487396,-0.10823798924684525,-0.11483895778656006,-0.5748380422592163,-0.1392732411623001,-0.1280815750360489,-0.6912947297096252,-0.15551576018333435,-0.13789118826389313,-0.7906507849693298,-0.16467386484146118
paper,0.0,0.0,0.0,0.12575800716876984,-0.08138181269168854,-0.01193512137979269,0.2179693877696991,-0.20695540308952332,-0.03223050385713577,0.28628039360046387,-0.33638548851013184,-0.05244584009051323,0.34450602531433105,-0.4274475872516632,-0.0760045275092125,0.15180450677871704,-0.4253038763999939,-0.06457570195198059,0.1730934977531433,-0.664065420627594,-0.1006496250629425,0.18850335478782654,-0.8012457489967346,-0.12114223092794418,0.20178399980068207,-0.9092139005661011,-0.13431736826896667,0.06997587531805038,-0.44460415840148926,-0.07968155294656754,0.07859465479850769,-0.7038144469261169,-0.11356279253959656,0.08414211124181747,-0.8644104599952698,-0.13477028906345367,0.08805038779973984,-0.9846632480621338,-0.15061675012111664,-0.011946924962103367,-0.4294642210006714,-0.09302741289138794,-0.019301600754261017,-0.672738790512085,-0.12476115673780441,-0.022347867488861084,-0.8247516751289368,-0.14856712520122528,-0.02382948249578476,-0.9371696710586548,-0.16516153514385223,-0.09100968390703201,-0.3898848593235016,-0.10511178523302078,-0.11679969727993011,-0.5794311761856079,-0.13968013226985931,-0.13783006370067596,-0.6968299150466919,-0.15822221338748932,-0.15446357429027557,-0.7983863353729248,-0.16786867380142212
paper,0.0,0.0,0.0,0.09699247032403946,-0.09451085329055786,0.03466688469052315,0.14849846065044403,-0.22584104537963867,0.040395744144916534,0.17713424563407898,-0.3430456221103668,0.03920035809278488,0.21770496666431427,-0.41893357038497925,0.03359704837203026,0.14689074456691742,-0.4227716624736786,-0.017783282324671745,0.14520709216594696,-0.6539167761802673,-0.04226063936948776,0.14530694484710693,-0.7860812544822693,-0.05211183801293373,0.14679931104183197,-0.8891575932502747,-0.05786685645580292,0.09068132936954498,-0.43564677238464355,-0.05036273971199989,0.08083668351173401,-0.7063413262367249,-0.0814763605594635,0.07871674746274948,-0.8648021221160889,-0.09374075382947922,0.07866708189249039,-0.9918147921562195,-0.10057294368743896,0.025101101025938988,-0.42478418350219727,-0.07796405255794525,0.005906012840569019,-0.679153561592102,-0.10820452868938446,-0.008997681550681591,-0.828326404094696,-0.12278533726930618,-0.019732734188437462,-0.9439178109169006,-0.12990377843379974,-0.04730669781565666,-0.3900815546512604,-0.10032106190919876,-0.07598962634801865,-0.5874179005622864,-0.13244235515594482,-0.0968778058886528,-0.7053460478782654,-0.14586251974105835,-0.11544415354728699,-0.808326780796051,-0.15090051293373108
paper,0.0,0.0,0.0,0.0721791461110115,-0.16703902184963226,0.052402134984731674,0.0905754342675209,-0.3322578966617584,0.06107981130480766,0.05777351185679436,-0.4404921531677246,0.05673449859023094,0.011911777779459953,-0.5100775957107544,0.0459439791738987,0.12390266358852386,-0.438268780708313,-0.0008284621289931238,0.10385337471961975,-0.6743950843811035,-0.02757907845079899,0.08703546971082687,-0.8118816018104553,-0.0411374494433403,0.07415864616632462,-0.9215309619903564,-0.050026554614305496,0.08610155433416367,-0.4377193748950958,-0.047079261392354965,0.06655792891979218,-0.7078880667686462,-0.07360446453094482,0.05430086702108383,-0.8674690127372742,-0.08967532217502594,0.04644584283232689,-0.9936694502830505,-0.10229278355836868,0.029469994828104973,-0.4246678352355957,-0.08888238668441772,0.0034627302084118128,-0.6890043020248413,-0.1150478720664978,-0.01677163690328598,-0.8409740924835205,-0.13877077400684357,-0.030108027160167694,-0.9600720405578613,-0.15569369494915009,-0.03726448491215706,-0.40140342712402344,-0.12422338873147964,-0.06648348271846771,-0.6116896271705627,-0.15329137444496155,-0.09319887310266495,-0.7322027683258057,-0.17088226974010468,-0.11874692887067795,-0.8355082273483276,-0.18267938494682312
paper,0.0,0.0,0.0,-0.004224442411214113,-0.16515113413333893,0.03767341002821922,0.02298026531934738,-0.3318750858306885,0.04546932876110077,0.03324687108397484,-0.43278196454048157,0.04183245822787285,0.033783454447984695,-0.5206651091575623,0.03767530620098114,0.09205788373947144,-0.4621296226978302,0.018470700830221176,0.06745611876249313,-0.682282030582428,-0.007517854683101177,0.043829843401908875,-0.827986478805542,-0.026454906910657883,0.023771613836288452,-0.9454194903373718,-0.03952270373702049,0.0915047898888588,-0.45882636308670044,-0.020762553438544273,0.057743631303310394,-0.7173113226890564,-0.04890155419707298,0.029109731316566467,-0.8752046823501587,-0.06616940349340439,0.005283998791128397,-0.9968922734260559,-0.07859919965267181,0.06442517042160034,-0.4499472677707672,-0.059439580887556076,0.03450945392251015,-0.6986609101295471,-0.08153775334358215,0.006474085617810488,-0.8486340045928955,-0.0992567166686058,-0.01888754405081272,-0.961677610874176,-0.11243569850921631,0.01463485136628151,-0.4380650222301483,-0.09551505744457245,-0.019568443298339844,-0.6239410042762756,-0.1151747927069664,-0.052659936249256134,-0.7395061254501343,-0.1277126669883728,-0.0859767496585846,-0.8356454968452454,-0.13705500960350037
paper,0.0,0.0,0.0,-0.06796268373727798,-0.1201271265745163,-0.0055014220997691154,-0.046520791947841644,-0.24524028599262238,-0.016775082796812057,-0.020441776141524315,-0.32798290252685547,-0.038449306041002274,-0.0029487046413123608,-0.4109329879283905,-0.06039510667324066,0.0553571991622448,-0.4860677421092987,0.02504783123731613,0.04627084732055664,-0.6659027934074402,-0.005589865148067474,0.027190933004021645,-0.7984985113143921,-0.03907240927219391,0.008021579124033451,-0.9095293283462524,-0.06614910811185837,0.0742582380771637,-0.4948878586292267,-0.005227676127105951,0.05828995630145073,-0.7132970690727234,-0.038922104984521866,0.03664422407746315,-0.8631836175918579,-0.07593167573213577,0.013679791241884232,-0.9945319294929504,-0.10353348404169083,0.07968088984489441,-0.4844135642051697,-0.04162336885929108,0.058677177876234055,-0.7009689211845398,-0.07580212503671646,0.03281569108366966,-0.8426357507705688,-0.10547914355993271,0.003684667404741049,-0.9620639681816101,-0.12617997825145721,0.07005461305379868,-0.4608692526817322,-0.08092796057462692,0.03729161620140076,-0.6293405294418335,-0.10913201421499252,0.006770476698875427,-0.7380473017692566,-0.12474991381168365,-0.02340729348361492,-0.8356569409370422,-0.13577157258987427
paper,0.0,0.0,0.0,-0.08935346454381943,-0.13924628496170044,0.056938495486974716,-0.09054793417453766,-0.2855650782585144,0.08738992363214493,-0.08749410510063171,-0.3847588002681732,0.09610268473625183,-0.09079496562480927,-0.45422399044036865,0.10220601409673691,-0.01091787125915289,-0.5066447854042053,0.10996858775615692,-0.022449493408203125,-0.6708039045333862,0.10670480132102966,-0.041260525584220886,-0.7835965752601624,0.090868279337883,-0.05761460214853287,-0.8842258453369141,0.07532140612602234,0.02172989957034588,-0.5139693021774292,0.05509446933865547,0.015368274413049221,-0.7234789729118347,0.044330962002277374,5.682876508217305e-05,-0.8713801503181458,0.023068131878972054,-0.015988951548933983,-0.9998549222946167,0.005873135291039944,0.04883420094847679,-0.4941911995410919,-0.004152924288064241,0.04771307855844498,-0.6947430372238159,-0.019571611657738686,0.021617485210299492,-0.8266029953956604,-0.038541506975889206,-0.008891393430531025,-0.9361792802810669,-0.05209509655833244,0.07081219553947449,-0.45789992809295654,-0.062364935874938965,0.06284480541944504,-0.6351402401924133,-0.07481555640697479,0.03714008629322052,-0.7448918223381042,-0.08183304220438004,0.004857793916016817,-0.8333224058151245,-0.08839841187000275
paper,0.0,0.0,0.0,-0.1030036136507988,-0.1104407086968422,0.0259910486638546,-0.13807885348796844,-0.25099804997444153,0.041119594126939774,-0.15499243140220642,-0.34193286299705505,0.042614638805389404,-0.17554032802581787,-0.4179949164390564,0.04237239062786102,-0.034413356333971024,-0.5058289170265198,0.06423044949769974,-0.06725625693798065,-0.6732586026191711,0.05182013288140297,-0.09877899289131165,-0.7838940620422363,0.031455401331186295,-0.11909925192594528,-0.881942629814148,0.014007426798343658,0.009325812570750713,-0.5219858884811401,0.026532238349318504,-0.00878980103880167,-0.7339749336242676,0.01022590883076191,-0.028086403384804726,-0.8760544061660767,-0.011573544703423977,-0.04007915034890175,-0.9987812638282776,-0.028804244473576546,0.05007888749241829,-0.5026445984840393,-0.01613892801105976,0.055365823209285736,-0.7059058547019958,-0.03587254509329796,0.03993314504623413,-0.8384974598884583,-0.05528389662504196,0.021843601018190384,-0.9496521353721619,-0.06906777620315552,0.08723092079162598,-0.4579179883003235,-0.059416089206933975,0.09926178306341171,-0.6287384033203125,-0.0793108344078064,0.08026564121246338,-0.7479373216629028,-0.09037581086158752,0.04935569316148758,-0.8506714701652527,-0.09839297831058502
paper,0.0,0.0,0.0,-0.1113400086760521,-0.09741978347301483,0.014828166924417019,-0.16593949496746063,-0.24074287712574005,0.026616886258125305,-0.1940130740404129,-0.3403470516204834,0.02701760083436966,-0.23244796693325043,-0.40890926122665405,0.025910746306180954,-0.06234441325068474,-0.5058584213256836,0.05879665166139603,-0.09913863986730576,-0.6738474369049072,0.04516070708632469,-0.13064920902252197,-0.781318187713623,0.021982358768582344,-0.15402071177959442,-0.8781564831733704,0.001745813526213169,-0.01302750501781702,-0.528149425983429,0.025202244520187378,-0.033128026872873306,-0.7401145696640015,0.009642770513892174,-0.05115464702248573,-0.8781862854957581,-0.014135291799902916,-0.06560949981212616,-0.9972913861274719,-0.033245641738176346,0.03581439331173897,-0.5152657628059387,-0.014801952056586742,0.031051089987158775,-0.7226964831352234,-0.03388306125998497,0.015396662056446075,-0.858879804611206,-0.05667837709188461,-0.002318817423656583,-0.9767001867294312,-0.07408137619495392,0.08600277453660965,-0.4767236113548279,-0.05649758502840996,0.092606320977211,-0.648834764957428,-0.0781048983335495,0.07633478939533234,-0.7684735059738159,-0.09265727549791336,0.050486668944358826,-0.8765207529067993,-0.1038549616932869
paper,0.0,0.0,0.0,-0.13116325438022614,-0.07828289270401001,-0.021246887743473053,-0.23016735911369324,-0.2118847817182541,-0.03253622725605965,-0.28734564781188965,-0.31866350769996643,-0.048078227788209915,-0.34216591715812683,-0.39431026577949524,-0.0647454559803009,-0.11939365416765213,-0.49456238746643066,0.01005552802234888,-0.17171069979667664,-0.6664860844612122,-0.016106877475976944,-0.20523518323898315,-0.76923668384552,-0.04787803441286087,-0.2294008880853653,-0.8643526434898376,-0.07424503564834595,-0.04931386932730675,-0.5286469459533691,-0.011804381385445595,-0.08008603006601334,-0.7461696267127991,-0.03403846174478531,-0.09932395815849304,-0.8788501024246216,-0.06272734701633453,-0.11521438509225845,-0.9895886182785034,-0.08625587075948715,0.020400293171405792,-0.5209092497825623,-0.04190617799758911,0.005380894988775253,-0.7348182797431946,-0.0668969675898552,-0.010468865744769573,-0.8661883473396301,-0.09254452586174011,-0.029179565608501434,-0.9819308519363403,-0.11335629969835281,0.09254762530326843,-0.47936466336250305,-0.07612451910972595,0.10056360810995102,-0.6500502824783325,-0.10081715136766434,0.09431890398263931,-0.7668068408966064,-0.11513390392065048,0.08089104294776917,-0.8783233165740967,-0.12714263796806335
paper,0.0,0.0,0.0,-0.14271600544452667,-0.07209712266921997,-0.037122417241334915,-0.26330429315567017,-0.18871483206748962,-0.060833852738142014,-0.34255698323249817,-0.29236406087875366,-0.08548875898122787,-0.4092666208744049,-0.372735857963562,-0.1106182113289833,-0.15735721588134766,-0.48382773995399475,-0.01447927113622427,-0.22017107903957367,-0.6598768830299377,-0.048598762601614,-0.2575433552265167,-0.7622552514076233,-0.08440128713846207,-0.2847174406051636,-0.8591863512992859,-0.11327959597110748,-0.0765162780880928,-0.5230917930603027,-0.031841523945331573,-0.11547958850860596,-0.7395922541618347,-0.06054644659161568,-0.1383460909128189,-0.8703102469444275,-0.09235138446092606,-0.15749886631965637,-0.9804072976112366,-0.11830320209264755,0.005543115548789501,-0.5166223049163818,-0.05799906328320503,-0.01568467915058136,-0.7294674515724182,-0.09034613519906998,-0.03484954684972763,-0.8589414358139038,-0.11711762100458145,-0.057365745306015015,-0.9730658531188965,-0.13832728564739227,0.09085624665021896,-0.4756585955619812,-0.08894810080528259,0.09664740413427353,-0.646174967288971,-0.1195778176188469,0.08989793062210083,-0.7632989883422852,-0.13511717319488525,0.07634095102548599,-0.8758931159973145,-0.14746899902820587
paper,0.0,0.0,0.0,-0.1538867950439453,-0.0503254234790802,-0.056549567729234695,-0.29122063517570496,-0.1519380509853363,-0.08938877284526825,-0.3882240056991577,-0.2548941373825073,-0.11891264468431473,-0.46868839859962463,-0.3363836109638214,-0.14690552651882172,-0.2067854106426239,-0.46694135665893555,-0.030639199540019035,-0.28111350536346436,-0.6447054743766785,-0.06769987940788269,-0.32011812925338745,-0.7504990696907043,-0.1046006977558136,-0.3475729525089264,-0.85036700963974,-0.13429471850395203,-0.12172730267047882,-0.5172288417816162,-0.03856372833251953,-0.17508144676685333,-0.7297369241714478,-0.06962840259075165,-0.20389576256275177,-0.8569512963294983,-0.10112462937831879,-0.22649943828582764,-0.9657360911369324,-0.12669557332992554,-0.03426767513155937,-0.5196503400802612,-0.05694599077105522,-0.06960531324148178,-0.7270885109901428,-0.09258317202329636,-0.09404764324426651,-0.8513501882553101,-0.1188659816980362,-0.11853086203336716,-0.9628521800041199,-0.13921038806438446,0.058067437261343,-0.48757505416870117,-0.08168856799602509,0.05868067219853401,-0.6538638472557068,-0.11486455053091049,0.053019747138023376,-0.7655187845230103,-0.13121727108955383,0.04323943331837654,-0.8741359114646912,-0.14357566833496094
paper,0.0,0.0,0.0,-0.15767665207386017,-0.03048723377287388,-0.06099170818924904,-0.304838091135025,-0.12079993635416031,-0.09411143511533737,-0.4114716947078705,-0.22303032875061035,-0.12275693565607071,-0.4996272027492523,-0.3029686510562897,-0.14958308637142181,-0.23603148758411407,-0.4433784484863281,-0.036696165800094604,-0.31319770216941833,-0.6249252557754517,-0.07493714988231659,-0.3532957434654236,-0.7337509393692017,-0.11130408942699432,-0.38371744751930237,-0.8361347317695618,-0.1402994841337204,-0.15398521721363068,-0.5020372867584229,-0.04308056831359863,-0.20961958169937134,-0.716690182685852,-0.07264042645692825,-0.24126049876213074,-0.846764862537384,-0.10181061923503876,-0.26717886328697205,-0.9553388953208923,-0.1262657344341278,-0.06740707159042358,-0.5096391439437866,-0.06020210310816765,-0.1050911694765091,-0.7148266434669495,-0.09473095089197159,-0.13397668302059174,-0.8347084522247314,-0.11763966828584671,-0.1632695496082306,-0.9399790167808533,-0.13654941320419312,0.025653045624494553,-0.4827025234699249,-0.08417808264493942,0.022135455161333084,-0.6452702283859253,-0.11831048130989075,0.014009339734911919,-0.7521904110908508,-0.1329808384180069,0.0034223184920847416,-0.8553591966629028,-0.1442626565694809
paper,0.0,0.0,0.0,-0.14728452265262604,-0.01915769837796688,-0.07337038218975067,-0.28879156708717346,-0.10124333202838898,-0.11278397589921951,-0.3923951983451843,-0.20361751317977905,-0.1446763128042221,-0.48164859414100647,-0.2857624590396881,-0.17367865145206451,-0.24316008388996124,-0.4284745454788208,-0.05377008020877838,-0.3128780126571655,-0.6150294542312622,-0.09796462953090668,-0.34890657663345337,-0.728466808795929,-0.1381828784942627,-0.377109557390213,-0.8347266912460327,-0.1691099852323532,-0.167120099067688,-0.49192845821380615,-0.054032228887081146,-0.22094309329986572,-0.7079897522926331,-0.08773892372846603,-0.25088343024253845,-0.8390058875083923,-0.11887100338935852,-0.2770380973815918,-0.9499222040176392,-0.1445600837469101,-0.08660224080085754,-0.5047641396522522,-0.06539130210876465,-0.12801550328731537,-0.7110747694969177,-0.10225754231214523,-0.15566010773181915,-0.8323039412498474,-0.1253204643726349,-0.18421901762485504,-0.9380258321762085,-0.14434033632278442,0.0024480619467794895,-0.4841005206108093,-0.08470854163169861,-0.0033983218017965555,-0.6456084847450256,-0.1201132982969284,-0.008233550004661083,-0.7521852254867554,-0.13488219678401947,-0.014882576651871204,-0.8528922200202942,-0.14603951573371887
paper,0.0,0.0,0.0,-0.10466054081916809,-0.005628352519124746,-0.10247746855020523,-0.2079949527978897,-0.07454022765159607,-0.15754632651805878,-0.27288416028022766,-0.1730816513299942,-0.20042262971401215,-0.3397156298160553,-0.26587650179862976,-0.2390611171722412,-0.2155781388282776,-0.4194413423538208,-0.09042871743440628,-0.26870018243789673,-0.603278636932373,-0.14927339553833008,-0.2955651581287384,-0.7242480516433716,-0.2002122402191162,-0.3140890598297119,-0.8359372615814209,-0.23662328720092773,-0.16048993170261383,-0.48574474453926086,-0.07670672982931137,-0.20593252778053284,-0.6997489929199219,-0.12333112955093384,-0.23262660205364227,-0.8308195471763611,-0.16337339580059052,-0.256601482629776,-0.9469195604324341,-0.19364656507968903,-0.0995965376496315,-0.5020151138305664,-0.07544966787099838,-0.1340731382369995,-0.7001742720603943,-0.11798389256000519,-0.1595354527235031,-0.8239392042160034,-0.148188978433609,-0.18450212478637695,-0.9313196539878845,-0.17093071341514587,-0.027750413864850998,-0.47950389981269836,-0.08495857566595078,-0.032584384083747864,-0.6395553350448608,-0.12116937339305878,-0.035403355956077576,-0.7457724213600159,-0.14047373831272125,-0.040635302662849426,-0.8433315753936768,-0.1546049267053604
paper,0.0,0.0,0.0,-0.08363532274961472,-0.0021218396723270416,-0.11794789880514145,-0.15832605957984924,-0.06818240880966187,-0.18302303552627563,-0.18246373534202576,-0.16772855818271637,-0.23276393115520477,-0.21909859776496887,-0.2618909478187561,-0.2781987190246582,-0.1985703855752945,-0.41233813762664795,-0.11917578428983688,-0.23646427690982819,-0.6014813780784607,-0.18530350923538208,-0.25458064675331116,-0.7311570048332214,-0.24047301709651947,-0.26954424381256104,-0.847046434879303,-0.2792610228061676,-0.14954295754432678,-0.47873300313949585,-0.09921272099018097,-0.1882203221321106,-0.6914222836494446,-0.15093065798282623,-0.2116972655057907,-0.8237564563751221,-0.19327862560749054,-0.2370547205209732,-0.945015013217926,-0.22528116405010223,-0.09551957249641418,-0.49637243151664734,-0.09160783886909485,-0.12788355350494385,-0.6910979747772217,-0.13573278486728668,-0.15564307570457458,-0.816502034664154,-0.16811445355415344,-0.18421152234077454,-0.929059624671936,-0.19302961230278015,-0.02996627613902092,-0.4745452105998993,-0.09615470468997955,-0.0384356752038002,-0.6343883872032166,-0.1322145313024521,-0.043029505759477615,-0.7372927069664001,-0.15268048644065857,-0.05022576451301575,-0.8319449424743652,-0.16837811470031738
paper,0.0,0.0,0.0,-0.05108712241053581,0.024661319330334663,-0.16984963417053223,-0.09305515140295029,-0.021523015573620796,-0.27062687277793884,-0.0979735404253006,-0.1181437149643898,-0.34607717394828796,-0.10283765941858292,-0.22011491656303406,-0.4189407229423523,-0.1645864099264145,-0.3509027063846588,-0.21046096086502075,-0.17886076867580414,-0.5386502146720886,-0.3057192265987396,-0.1803528368473053,-0.6781253218650818,-0.3805823028087616,-0.17965318262577057,-0.8052990436553955,-0.4321977496147156,-0.12934686243534088,-0.4318789541721344,-0.16924801468849182,-0.16604363918304443,-0.6384279727935791,-0.25114279985427856,-0.18093423545360565,-0.7822889089584351,-0.3068656921386719,-0.20324759185314178,-0.9156232476234436,-0.34687817096710205,-0.0858168825507164,-0.46648240089416504,-0.14051683247089386,-0.12343525886535645,-0.6461378335952759,-0.20707285404205322,-0.13407105207443237,-0.7708660960197449,-0.24330414831638336,-0.14932265877723694,-0.8859962224960327,-0.2686610519886017,-0.03801354393362999,-0.4642718732357025,-0.12675338983535767,-0.05902521684765816,-0.6185568571090698,-0.17649908363819122,-0.06123602017760277,-0.7280217409133911,-0.20131610333919525,-0.06428450345993042,-0.8228330612182617,-0.2192196398973465
paper,0.0,0.0,0.0,0.02306237816810608,-0.015155228786170483,-0.14747942984104156,0.055721793323755264,-0.08706744760274887,-0.22409731149673462,0.09730754792690277,-0.17633438110351562,-0.2784392535686493,0.13670527935028076,-0.2579668164253235,-0.32850825786590576,-0.023813625797629356,-0.41185298562049866,-0.15129727125167847,-0.0012414639350026846,-0.6022416949272156,-0.2198685258626938,0.003127504838630557,-0.7352918386459351,-0.2780795991420746,0.002635604003444314,-0.85474693775177,-0.3186611533164978,-0.0330311618745327,-0.45590516924858093,-0.108016237616539,-0.04001113399863243,-0.6684099435806274,-0.17255821824073792,-0.048301152884960175,-0.8243146538734436,-0.22546730935573578,-0.061924394220113754,-0.9629989862442017,-0.262294203042984,-0.03304329514503479,-0.4692513644695282,-0.07564156502485275,-0.046600986272096634,-0.6645281314849854,-0.12965232133865356,-0.05472349748015404,-0.8024738430976868,-0.17157047986984253,-0.06500184535980225,-0.9281722903251648,-0.1979956328868866,-0.030939530581235886,-0.46347561478614807,-0.056001678109169006,-0.039060696959495544,-0.6254527568817139,-0.0947980061173439,-0.04676292836666107,-0.7403053641319275,-0.121204674243927,-0.05695011094212532,-0.8449114561080933,-0.13884024322032928
paper,0.0,0.0,0.0,-0.1585174947977066,0.03990671783685684,-0.04410858079791069,-0.2987815737724304,0.13189193606376648,-0.09098460525274277,-0.42073237895965576,0.18771900236606598,-0.1307906061410904,-0.5189471244812012,0.1860668808221817,-0.17644795775413513,-0.20762859284877777,0.311470627784729,-0.15437401831150055,-0.2810983955860138,0.5395601987838745,-0.21444964408874512,-0.32991763949394226,0.6787742972373962,-0.24559906125068665,-0.3702372610569,0.7952594757080078,-0.26631057262420654,-0.10880491882562637,0.3594469726085663,-0.16123473644256592,-0.15932361781597137,0.6261265873908997,-0.22080406546592712,-0.18919216096401215,0.796968400478363,-0.25189387798309326,-0.20963767170906067,0.9379633069038391,-0.27618277072906494,-0.017749877646565437,0.37985262274742126,-0.16408155858516693,-0.04153492674231529,0.6285032033920288,-0.21658989787101746,-0.05492892488837242,0.800115168094635,-0.24999159574508667,-0.06156930699944496,0.9356716275215149,-0.27258118987083435,0.05991962552070618,0.37767189741134644,-0.16722515225410461,0.05298086628317833,0.5941728353500366,-0.2139255851507187,0.05563744157552719,0.7240179181098938,-0.23898464441299438,0.06128817796707153,0.829516589641571,-0.25543293356895447
rock,0.0,0.0,0.0,-0.19117864966392517,-0.19965994358062744,-0.03726471588015556,-0.3296290636062622,-0.5220646858215332,-0.07046455889940262,-0.3004119098186493,-0.8026684522628784,-0.1182723417878151,-0.15042263269424438,-0.9358421564102173,-0.1457359343767166,-0.11945714801549911,-0.7981446981430054,0.03623586520552635,-0.2409689575433731,-0.9670507311820984,-0.08213920146226883,-0.255557119846344,-0.7211915254592896,-0.12304706126451492,-0.18767085671424866,-0.6726534962654114,-0.1361406296491623,0.012334806844592094,-0.781877338886261,0.0025106577668339014,-0.12061023712158203,-0.9287029504776001,-0.1343327909708023,-0.14638696610927582,-0.6240478157997131,-0.1272900402545929,-0.06384260207414627,-0.5973639488220215,-0.08152405172586441,0.13247255980968475,-0.7374676465988159,-0.05645168572664261,-0.01951112598180771,-0.8525363802909851,-0.19403277337551117,-0.050768665969371796,-0.5492440462112427,-0.13609133660793304,0.03830938786268234,-0.5183242559432983,-0.055498410016298294,0.2561286687850952,-0.6644408702850342,-0.12065504491329193,0.08021164685487747,-0.7449885010719299,-0.193245068192482,0.053885914385318756,-0.5504294037818909,-0.15486368536949158,0.13669921457767487,-0.5105854868888855,-0.1020418331027031
rock,0.0,0.0,0.0,-0.18832768499851227,-0.20822113752365112,-0.035391151905059814,-0.32747238874435425,-0.5157343149185181,-0.06795354932546616,-0.30811870098114014,-0.7890790104866028,-0.11642293632030487,-0.1553538739681244,-0.9284799098968506,-0.14446748793125153,-0.1412075161933899,-0.7964581847190857,0.04968104511499405,-0.25037986040115356,-0.9658878445625305,-0.06611104309558868,-0.25766241550445557,-0.7280550599098206,-0.10757547616958618,-0.1947239637374878,-0.6802542805671692,-0.12085065245628357,-0.010211502201855183,-0.7923552989959717,0.015652840957045555,-0.12881329655647278,-0.9243402481079102,-0.11239027976989746,-0.14482232928276062,-0.6267741918563843,-0.10489016771316528,-0.0706477239727974,-0.6074593663215637,-0.061100274324417114,0.11141765117645264,-0.7505790591239929,-0.04427887126803398,-0.02657421864569187,-0.8550985455513,-0.17762476205825806,-0.054617740213871,-0.5543602705001831,-0.12320677936077118,0.024507274851202965,-0.5266526341438293,-0.04587214067578316,0.2338307946920395,-0.6759703755378723,-0.10925005376338959,0.06849339604377747,-0.7519747614860535,-0.17670410871505737,0.0414731502532959,-0.5564798712730408,-0.13737064599990845,0.11482378095388412,-0.5166071057319641,-0.0845261663198471
rock,0.0,0.0,0.0,-0.18199096620082855,-0.18042446672916412,-0.057299286127090454,-0.3329698443412781,-0.4835112392902374,-0.09307089447975159,-0.32477518916130066,-0.7594202756881714,-0.1397390067577362,-0.1672145575284958,-0.8773995041847229,-0.16177812218666077,-0.1727573126554489,-0.826617419719696,0.033657874912023544,-0.2929844558238983,-0.9523645639419556,-0.08462827652692795,-0.2795736491680145,-0.7015079259872437,-0.12648168206214905,-0.2166125327348709,-0.6671631932258606,-0.1408536285161972,-0.028897183015942574,-0.8305026292800903,0.008041796274483204,-0.15841609239578247,-0.8937334418296814,-0.11969676613807678,-0.1556221842765808,-0.5887290239334106,-0.10623090714216232,-0.08711642771959305,-0.5947871804237366,-0.0587942861020565,0.10252976417541504,-0.7797213792800903,-0.04627005755901337,-0.03699113056063652,-0.8059834837913513,-0.17754706740379333,-0.05445665866136551,-0.5151166319847107,-0.11726798117160797,0.01550509687513113,-0.512263298034668,-0.03794704005122185,0.2269720733165741,-0.6920689344406128,-0.10974393784999847,0.07250344753265381,-0.6863464117050171,-0.1751084178686142,0.047339536249637604,-0.4988528788089752,-0.1379043310880661,0.11041981726884842,-0.4864828288555145,-0.08796380460262299
rock,0.0,0.0,0.0,-0.19768966734409332,-0.11185374110937119,-0.14794795215129852,-0.3615836203098297,-0.3009289503097534,-0.24846413731575012,-0.3178105354309082,-0.4691940248012543,-0.33136412501335144,-0.11217312514781952,-0.5552756190299988,-0.38354456424713135,-0.22913147509098053,-0.9662716388702393,-0.11755014210939407,-0.31242769956588745,-0.7835187911987305,-0.2679174840450287,-0.29239311814308167,-0.5224859714508057,-0.3571889400482178,-0.23487208783626556,-0.508908748626709,-0.4109302759170532,-0.029666457325220108,-0.9826483130455017,-0.11135890334844589,-0.11507920920848846,-0.6902903914451599,-0.2390875667333603,-0.14709220826625824,-0.43275830149650574,-0.26041537523269653,-0.12832441926002502,-0.4561961591243744,-0.25710803270339966,0.13985632359981537,-0.8876290321350098,-0.13138997554779053,0.05476664751768112,-0.5572200417518616,-0.24210742115974426,-0.010851064696907997,-0.3396960198879242,-0.20467083156108856,-0.0126175032928586,-0.3880878686904907,-0.16329504549503326,0.28813672065734863,-0.728462278842926,-0.17228685319423676,0.18931996822357178,-0.412237286567688,-0.238735169172287,0.11291354149580002,-0.25050777196884155,-0.22298811376094818,0.0911555141210556,-0.28540995717048645,-0.19477857649326324
rock,0.0,0.0,0.0,-0.20678415894508362,-0.0841204896569252,-0.15499112010002136,-0.37821632623672485,-0.24097028374671936,-0.2656371295452118,-0.33134812116622925,-0.35020461678504944,-0.3543645441532135,-0.12569452822208405,-0.4201561510562897,-0.41143694519996643,-0.26429566740989685,-0.951968252658844,-0.15461011230945587,-0.32427623867988586,-0.6973665356636047,-0.30527645349502563,-0.31378406286239624,-0.47551229596138,-0.3946683406829834,-0.2791178822517395,-0.4957003891468048,-0.4536643326282501,-0.05595460161566734,-0.971468985080719,-0.1491946280002594,-0.12304084748029709,-0.5858539938926697,-0.28150641918182373,-0.16381295025348663,-0.36784452199935913,-0.3049393892288208,-0.15716338157653809,-0.428528755903244,-0.30875393748283386,0.12024802714586258,-0.8737241625785828,-0.1677054762840271,0.05293327569961548,-0.4652225375175476,-0.277890145778656,-0.017947059124708176,-0.28135937452316284,-0.2347385585308075,-0.02858758717775345,-0.35132166743278503,-0.19542039930820465,0.26806333661079407,-0.7101203203201294,-0.208937868475914,0.192716583609581,-0.34347182512283325,-0.28936678171157837,0.1215515285730362,-0.19839896261692047,-0.27790746092796326,0.09704151749610901,-0.24781855940818787,-0.25293397903442383
rock,0.0,0.0,0.0,-0.23692889511585236,-0.016349002718925476,-0.1932486593723297,-0.43023547530174255,-0.09727732837200165,-0.3313273787498474,-0.359419584274292,-0.11373185366392136,-0.43774259090423584,-0.13784529268741608,-0.15626250207424164,-0.5138644576072693,-0.3607776463031769,-0.9000735878944397,-0.24435004591941833,-0.38499248027801514,-0.5012641549110413,-0.3993437886238098,-0.3658352494239807,-0.27972352504730225,-0.4858894646167755,-0.3370876908302307,-0.32540544867515564,-0.5446708798408508,-0.11705431342124939,-0.9216951727867126,-0.2267461121082306,-0.1474435031414032,-0.3561122417449951,-0.35832640528678894,-0.18374136090278625,-0.15062503516674042,-0.37631580233573914,-0.18363548815250397,-0.2551928162574768,-0.383402943611145,0.09257480502128601,-0.8172016739845276,-0.23104389011859894,0.04998297616839409,-0.24236974120140076,-0.33354315161705017,-0.02428942732512951,-0.0839933305978775,-0.27074936032295227,-0.04399113729596138,-0.18333198130130768,-0.22167262434959412,0.2614046335220337,-0.6479464769363403,-0.2626444697380066,0.19642658531665802,-0.2041456550359726,-0.3425871729850769,0.11874819546937943,-0.05352679640054703,-0.31341901421546936,0.09225720167160034,-0.09240259975194931,-0.2741427421569824
rock,0.0,0.0,0.0,-0.27575433254241943,0.07066599279642105,-0.2722649574279785,-0.5325357913970947,0.09849020093679428,-0.4533754289150238,-0.42824187874794006,0.2664973735809326,-0.5817927718162537,-0.12032230943441391,0.3333311080932617,-0.6733939051628113,-0.38901951909065247,-0.8202903270721436,-0.419270396232605,-0.3934045135974884,-0.1537325084209442,-0.6104538440704346,-0.4155867397785187,0.0006593709113076329,-0.7099936604499817,-0.42776554822921753,-0.15205121040344238,-0.7801006436347961,-0.06788232922554016,-0.8448627591133118,-0.3726709187030792,-0.08818775415420532,0.030126675963401794,-0.5261542201042175,-0.17782887816429138,0.0990651473402977,-0.5232383608818054,-0.22367514669895172,-0.15142248570919037,-0.5179867148399353,0.2133682519197464,-0.7151879668235779,-0.34791579842567444,0.1722833216190338,0.1152157410979271,-0.4688662588596344,0.05552578717470169,0.1087273359298706,-0.3591139614582062,0.013007469475269318,-0.1318768560886383,-0.2681921124458313,0.4272554814815521,-0.5107911825180054,-0.36109232902526855,0.35984280705451965,0.06274954229593277,-0.4969077408313751,0.2558474838733673,0.0643073245882988,-0.47330230474472046,0.225169837474823,-0.09771663695573807,-0.4190470576286316
rock,0.0,0.0,0.0,-0.29897505044937134,0.12462595105171204,-0.2920187711715698,-0.5476183891296387,0.2586584687232971,-0.48761051893234253,-0.44667956233024597,0.5514662861824036,-0.6208546161651611,-0.1546865552663803,0.677101731300354,-0.719447910785675,-0.3573642373085022,-0.5862792730331421,-0.5197316408157349,-0.3412349224090576,0.18446341156959534,-0.6996200680732727,-0.38068732619285583,0.23443567752838135,-0.7797786593437195,-0.38114455342292786,0.0532669760286808,-0.843590497970581,-0.02904418669641018,-0.6149033904075623,-0.4597861170768738,-0.04187002405524254,0.30971407890319824,-0.5993767976760864,-0.13515135645866394,0.2572263479232788,-0.5773206353187561,-0.17013993859291077,-0.01629539765417576,-0.5715264678001404,0.2534019947052002,-0.5068607330322266,-0.4153609871864319,0.21041913330554962,0.34565678238868713,-0.5481899380683899,0.10583865642547607,0.26435232162475586,-0.4335686266422272,0.07756265997886658,0.01768229901790619,-0.34219714999198914,0.4724447429180145,-0.34064576029777527,-0.4082649052143097,0.42631757259368896,0.22147004306316376,-0.5795503258705139,0.3202283978462219,0.20257432758808136,-0.5682478547096252,0.28469863533973694,0.06367242336273193,-0.522753119468689
rock,0.0,0.0,0.0,-0.21988621354103088,0.14128106832504272,-0.19389677047729492,-0.3914165198802948,0.374724417924881,-0.3622629940509796,-0.32945430278778076,0.6504009366035461,-0.4903038740158081,-0.13443392515182495,0.7852781414985657,-0.6043720841407776,-0.22460384666919708,-0.08356841653585434,-0.4255380928516388,-0.2525924742221832,0.44489365816116333,-0.5708829164505005,-0.2634371221065521,0.45691978931427,-0.6402052044868469,-0.24684034287929535,0.324802964925766,-0.6903940439224243,-0.0033467330504208803,-0.06288796663284302,-0.40107327699661255,-0.06958693265914917,0.5561509728431702,-0.5073894262313843,-0.12221471965312958,0.5220527648925781,-0.4925016760826111,-0.12186092138290405,0.32576659321784973,-0.4934813678264618,0.18280360102653503,0.024057431146502495,-0.3816392123699188,0.09589730948209763,0.5953789949417114,-0.4699172079563141,0.016982058063149452,0.5293594002723694,-0.37897181510925293,0.008315198123455048,0.34808221459388733,-0.31450819969177246,0.32295453548431396,0.13378804922103882,-0.38767364621162415,0.23052769899368286,0.5488437414169312,-0.492321252822876,0.1598481982946396,0.5025873780250549,-0.46496230363845825,0.14815784990787506,0.3602287173271179,-0.4283643662929535
rock,0.0,0.0,0.0,-0.24736574292182922,0.08564162254333496,-0.11702048033475876,-0.39720481634140015,0.44379034638404846,-0.19333070516586304,-0.35316312313079834,0.7825251221656799,-0.22816921770572662,-0.23280678689479828,0.9410859942436218,-0.245271697640419,-0.24405555427074432,0.2607141137123108,-0.35626041889190674,-0.2997981607913971,0.7735642790794373,-0.457288533449173,-0.3048919141292572,0.6687812209129333,-0.45312196016311646,-0.29547128081321716,0.5192460417747498,-0.424567848443985,-0.03264044225215912,0.2846015989780426,-0.31356072425842285,-0.13255241513252258,0.8129939436912537,-0.39594343304634094,-0.14851240813732147,0.7164530754089355,-0.35664016008377075,-0.13328735530376434,0.5541264414787292,-0.31890493631362915,0.13430485129356384,0.3451717793941498,-0.2649044394493103,0.03610784932971001,0.8248146176338196,-0.29902347922325134,0.001476497738622129,0.728971004486084,-0.2281121164560318,0.0021681857760995626,0.5811059474945068,-0.18067508935928345,0.25305411219596863,0.4217890202999115,-0.22344477474689484,0.16257250308990479,0.773196816444397,-0.23537589609622955,0.13136319816112518,0.6945351362228394,-0.19782757759094238,0.13622348010540009,0.5727542638778687,-0.17405274510383606
rock,0.0,0.0,0.0,-0.23805010318756104,0.10741496831178665,-0.09135553240776062,-0.3453778624534607,0.4550800025463104,-0.14940908551216125,-0.3017100989818573,0.7886179089546204,-0.1725730448961258,-0.188039168715477,0.9654735326766968,-0.1802835911512375,-0.1947956681251526,0.37218183279037476,-0.2839798629283905,-0.2619144320487976,0.8134073615074158,-0.3562104403972626,-0.2705809473991394,0.7007762789726257,-0.3496595323085785,-0.24780219793319702,0.5624107122421265,-0.32561933994293213,-0.005801131017506123,0.3970257043838501,-0.24569517374038696,-0.11427480727434158,0.8474268317222595,-0.29863354563713074,-0.14389702677726746,0.7440834641456604,-0.265283465385437,-0.12309692800045013,0.5997445583343506,-0.23543284833431244,0.1325993686914444,0.4414248466491699,-0.19957569241523743,0.028903545811772346,0.8494105935096741,-0.21686220169067383,-0.02160889469087124,0.7570773959159851,-0.15858334302902222,-0.011383632197976112,0.6312934160232544,-0.12200841307640076,0.22641681134700775,0.4928877651691437,-0.15797439217567444,0.12148640304803848,0.7980729937553406,-0.161268413066864,0.0847715511918068,0.7189418077468872,-0.12610295414924622,0.10513755679130554,0.6248359084129333,-0.10366221517324448
rock,0.0,0.0,0.0,-0.25277209281921387,0.1312495321035385,-0.05950728803873062,-0.35886162519454956,0.4686829149723053,-0.09135507047176361,-0.32192063331604004,0.7984567880630493,-0.09595873951911926,-0.22672230005264282,0.9703337550163269,-0.08396092802286148,-0.1991584450006485,0.4791378676891327,-0.19810476899147034,-0.282412052154541,0.8726689219474792,-0.23499241471290588,-0.29180407524108887,0.7540563344955444,-0.21498706936836243,-0.2631290853023529,0.6185873746871948,-0.1885482668876648,-0.01555478572845459,0.5220723152160645,-0.16626961529254913,-0.14290085434913635,0.9005922079086304,-0.18222565948963165,-0.17752230167388916,0.7914947867393494,-0.14127913117408752,-0.15200813114643097,0.6644169092178345,-0.1126694530248642,0.11778285354375839,0.5592755079269409,-0.12700243294239044,-0.008899115957319736,0.8981876373291016,-0.12000780552625656,-0.05452602356672287,0.7953055500984192,-0.06371051073074341,-0.03175278380513191,0.6785769462585449,-0.03439553081989288,0.20601843297481537,0.5864151120185852,-0.09043522924184799,0.07435761392116547,0.8335692286491394,-0.08032900094985962,0.0430593304336071,0.7383281588554382,-0.04429052770137787,0.0749470517039299,0.6471639275550842,-0.022809484973549843
rock,0.0,0.0,0.0,-0.2516358196735382,0.1568208634853363,-0.03561479225754738,-0.3680974841117859,0.47852563858032227,-0.057661350816488266,-0.35150545835494995,0.801507294178009,-0.05546106398105621,-0.2708243727684021,0.9619142413139343,-0.037083227187395096,-0.18308641016483307,0.5749930143356323,-0.18277786672115326,-0.2802649140357971,0.9245020151138306,-0.19972540438175201,-0.30299755930900574,0.7855965495109558,-0.16353116929531097,-0.2715466618537903,0.6505704522132874,-0.12965981662273407,-0.006578247994184494,0.618543803691864,-0.16125747561454773,-0.14717665314674377,0.9730508923530579,-0.162321537733078,-0.18639454245567322,0.8529539704322815,-0.11264856159687042,-0.15291117131710052,0.7306166887283325,-0.07999831438064575,0.12390080839395523,0.6441680788993835,-0.12810751795768738,-0.010633489117026329,0.9446945190429688,-0.10759574174880981,-0.06007131561636925,0.8383010029792786,-0.048597030341625214,-0.03427419811487198,0.7237056493759155,-0.020168431103229523,0.2140025645494461,0.6474993228912354,-0.09555744379758835,0.08720171451568604,0.8647282719612122,-0.07647749036550522,0.04786286875605583,0.7775253057479858,-0.035635434091091156,0.07367538660764694,0.6889255046844482,-0.01025465875864029
rock,0.0,0.0,0.0,-0.24785034358501434,0.16687743365764618,-0.013845440000295639,-0.3658190369606018,0.45490550994873047,-0.02601979300379753,-0.3697052299976349,0.7447285056114197,-0.019729498773813248,-0.3187812566757202,0.9031979441642761,0.00227949395775795,-0.1896408647298813,0.6232712268829346,-0.14340780675411224,-0.29146793484687805,0.9374889135360718,-0.14138948917388916,-0.31857410073280334,0.8005883097648621,-0.0966917872428894,-0.2867877185344696,0.674129068851471,-0.05976102873682976,-0.021987084299325943,0.6717140078544617,-0.12858588993549347,-0.1674342006444931,0.9798021912574768,-0.10933136940002441,-0.2064605951309204,0.8641481399536133,-0.05712885409593582,-0.17249710857868195,0.7508947253227234,-0.026520777493715286,0.10749498009681702,0.6901721954345703,-0.1007697731256485,-0.03326547518372536,0.9440435767173767,-0.06255235522985458,-0.08094730228185654,0.8466898202896118,-0.007998818531632423,-0.05493376404047012,0.7366718649864197,0.013114569708704948,0.20155087113380432,0.6803478002548218,-0.07215388864278793,0.07310253381729126,0.8528016209602356,-0.040965113788843155,0.031548913568258286,0.7766516804695129,-0.0014403056120499969,0.05213623493909836,0.6949369311332703,0.022082747891545296
rock,0.0,0.0,0.0,-0.255508691072464,0.19568349421024323,0.00045883675920777023,-0.36761850118637085,0.4692457914352417,-0.0072281574830412865,-0.3647368550300598,0.738511323928833,0.0027491599321365356,-0.3139100968837738,0.8844566345214844,0.02781180664896965,-0.19607847929000854,0.6534332633018494,-0.1400071084499359,-0.2951680123806,0.9470357894897461,-0.12648725509643555,-0.32785922288894653,0.8034273386001587,-0.07330638915300369,-0.29705339670181274,0.6763767600059509,-0.03151924908161163,-0.026216061785817146,0.7011199593544006,-0.12671831250190735,-0.17790430784225464,0.9734802842140198,-0.08898667246103287,-0.21834900975227356,0.8494834899902344,-0.029501814395189285,-0.18459972739219666,0.7354668974876404,0.0013549987925216556,0.10236614942550659,0.7153132557868958,-0.09741714596748352,-0.04417761042714119,0.9363867044448853,-0.04206553474068642,-0.08927236497402191,0.8327366709709167,0.012110232375562191,-0.06172866001725197,0.7184436321258545,0.02739989012479782,0.1973244696855545,0.6990768313407898,-0.06599973142147064,0.06085806339979172,0.8407431840896606,-0.025133473798632622,0.021884191781282425,0.754716694355011,0.013615511357784271,0.04432995989918709,0.6695653200149536,0.034778717905282974
rock,0.0,0.0,0.0,-0.2948821187019348,0.06006337329745293,-0.03299567103385925,-0.4748765826225281,0.352154403924942,-0.05544271692633629,-0.5068269968032837,0.6835916042327881,-0.05888865515589714,-0.46023324131965637,0.8864179253578186,-0.04948419705033302,-0.34612536430358887,0.46779361367225647,-0.16128221154212952,-0.5054122805595398,0.787860095500946,-0.1967102587223053,-0.4885559678077698,0.6593322157859802,-0.18442624807357788,-0.43444493412971497,0.5336794257164001,-0.16561485826969147,-0.18197552859783173,0.5720261335372925,-0.14725908637046814,-0.37557557225227356,0.8777892589569092,-0.1580708771944046,-0.3801906704902649,0.7505832314491272,-0.12095756828784943,-0.3268851935863495,0.6253462433815002,-0.09610088914632797,-0.05344998463988304,0.644149661064148,-0.12515012919902802,-0.2337697595357895,0.9096282720565796,-0.11447633802890778,-0.25207024812698364,0.7886975407600403,-0.05886303260922432,-0.20682446658611298,0.6791465878486633,-0.030991071835160255,0.04326576739549637,0.6827241778373718,-0.10386525839567184,-0.11734453588724136,0.8642677068710327,-0.09119877219200134,-0.12800589203834534,0.7615296840667725,-0.050103407353162766,-0.07917231321334839,0.6822003722190857,-0.02416149713099003
rock,0.0,0.0,0.0,-0.29077932238578796,0.018573548644781113,-0.014978812076151371,-0.4856150150299072,0.2963337302207947,-0.03343534842133522,-0.5540499687194824,0.623154878616333,-0.03549111634492874,-0.5323796272277832,0.8460720777511597,-0.027091290801763535,-0.43986350297927856,0.4115957021713257,-0.16593678295612335,-0.6093102693557739,0.7304004430770874,-0.19322772324085236,-0.5629512667655945,0.6111961603164673,-0.17083559930324554,-0.4968660771846771,0.4936303496360779,-0.14479784667491913,-0.27809226512908936,0.5486441254615784,-0.15963441133499146,-0.4812583327293396,0.8378452062606812,-0.16054829955101013,-0.4591673016548157,0.7132900953292847,-0.1133463904261589,-0.3960685729980469,0.5964405536651611,-0.08350182324647903,-0.13848882913589478,0.6464658975601196,-0.14193257689476013,-0.32615968585014343,0.8912488222122192,-0.12177232652902603,-0.32588040828704834,0.7690057754516602,-0.05958758294582367,-0.27373257279396057,0.6665657162666321,-0.02919182740151882,-0.029103713110089302,0.7047451138496399,-0.12272415310144424,-0.2083536982536316,0.8832792043685913,-0.09998439252376556,-0.2085435390472412,0.7828143239021301,-0.04926782846450806,-0.1562936156988144,0.7095170021057129,-0.01761910878121853
rock,0.0,0.0,0.0,-0.3003791868686676,-0.015272583812475204,0.0013437593588605523,-0.5306202173233032,0.21265670657157898,-0.025140579789876938,-0.6402372121810913,0.516921877861023,-0.04463155195116997,-0.6515246033668518,0.7562840580940247,-0.05958333611488342,-0.5272843241691589,0.28285932540893555,-0.1493159830570221,-0.7237856984138489,0.5978749990463257,-0.20380465686321259,-0.6551052331924438,0.514848530292511,-0.21142417192459106,-0.5685460567474365,0.4079850912094116,-0.20315036177635193,-0.381324827671051,0.4438524544239044,-0.16535182297229767,-0.594220757484436,0.7311492562294006,-0.17731425166130066,-0.5496101379394531,0.6358407735824585,-0.1442088931798935,-0.473478764295578,0.5336064100265503,-0.12806159257888794,-0.24107640981674194,0.5743321180343628,-0.17225047945976257,-0.4436768889427185,0.8276323676109314,-0.16559165716171265,-0.41665560007095337,0.7208036780357361,-0.10176963359117508,-0.3538694679737091,0.6240047216415405,-0.07050000876188278,-0.11538538336753845,0.6711097955703735,-0.1766405552625656,-0.30095961689949036,0.8590354919433594,-0.16084131598472595,-0.28390055894851685,0.7602924108505249,-0.10030320286750793,-0.22745689749717712,0.6838961839675903,-0.0618603378534317
rock,0.0,0.0,0.0,-0.30349403619766235,-0.055860839784145355,0.006664863787591457,-0.5612364411354065,0.1366887092590332,-0.024502377957105637,-0.6981719732284546,0.42035096883773804,-0.05360599234700203,-0.7559112310409546,0.6497409343719482,-0.08021826297044754,-0.5983546376228333,0.12423849105834961,-0.140730082988739,-0.8135743737220764,0.45659640431404114,-0.20323526859283447,-0.7329442501068115,0.41825589537620544,-0.22081869840621948,-0.6459640264511108,0.32333242893218994,-0.22033877670764923,-0.46398916840553284,0.30248841643333435,-0.16854223608970642,-0.6847459673881531,0.6215394139289856,-0.19940359890460968,-0.621157169342041,0.5513852834701538,-0.17748244106769562,-0.5395710468292236,0.44641634821891785,-0.16524608433246613,-0.3277108669281006,0.4659973084926605,-0.18745559453964233,-0.5359688997268677,0.7463659644126892,-0.20052169263362885,-0.4905565083026886,0.6567510962486267,-0.14255473017692566,-0.4195680320262909,0.5520806312561035,-0.10934243351221085,-0.20005051791667938,0.6046484708786011,-0.20316602289676666,-0.3878720700740814,0.8221946358680725,-0.2036381959915161,-0.35771527886390686,0.7322035431861877,-0.1456020176410675,-0.29195618629455566,0.6424245238304138,-0.10467555373907089
rock,0.0,0.0,0.0,-0.2705531120300293,-0.12155357003211975,0.022687535732984543,-0.5712385773658752,0.00026221887674182653,-0.007097264751791954,-0.7714568972587585,0.25881558656692505,-0.039947714656591415,-0.8689122200012207,0.48983505368232727,-0.07108506560325623,-0.6661170721054077,-0.14174781739711761,-0.12868660688400269,-0.9184706807136536,0.23379866778850555,-0.196949303150177,-0.8139804601669312,0.28886494040489197,-0.2136881947517395,-0.7238727807998657,0.21276932954788208,-0.21560430526733398,-0.5542517304420471,0.05553610622882843,-0.17445877194404602,-0.8080734610557556,0.44373512268066406,-0.22692885994911194,-0.7058722376823425,0.4563691318035126,-0.2051333636045456,-0.6267398595809937,0.3528994023799896,-0.1883976310491562,-0.4344541132450104,0.2551065683364868,-0.21143439412117004,-0.6685628294944763,0.5999592542648315,-0.25380027294158936,-0.5753446221351624,0.5741350054740906,-0.19129323959350586,-0.5036401152610779,0.46599411964416504,-0.1469549834728241,-0.3168436884880066,0.4366360902786255,-0.24291174113750458,-0.5168040990829468,0.6864288449287415,-0.2671731412410736,-0.4510824978351593,0.643791139125824,-0.2134273648262024,-0.38618579506874084,0.5451524257659912,-0.17013536393642426
rock,0.0,0.0,0.0,-0.2481599748134613,-0.15409180521965027,0.016519315540790558,-0.5700386762619019,-0.059062376618385315,-0.01985039748251438,-0.7839829325675964,0.21517440676689148,-0.05940286070108414,-0.897395133972168,0.43015581369400024,-0.09822435677051544,-0.6435994505882263,-0.2454616278409958,-0.12356405705213547,-0.9123221635818481,0.0992625430226326,-0.20023095607757568,-0.8208349943161011,0.18740375339984894,-0.22712232172489166,-0.7277646660804749,0.13364766538143158,-0.2387043982744217,-0.5459131002426147,-0.05572216957807541,-0.1719755381345749,-0.8192769885063171,0.3320547938346863,-0.2387242466211319,-0.7256343960762024,0.3647034168243408,-0.22819998860359192,-0.6421579122543335,0.2771102786064148,-0.22096876800060272,-0.43457162380218506,0.15026673674583435,-0.21353620290756226,-0.6921146512031555,0.50296950340271,-0.27736711502075195,-0.6021634340286255,0.4871904253959656,-0.22928941249847412,-0.522645115852356,0.3882348835468292,-0.19240395724773407,-0.32156139612197876,0.3489173352718353,-0.24891617894172668,-0.5412595868110657,0.608583390712738,-0.2976120114326477,-0.4813266694545746,0.5812937021255493,-0.261740118265152,-0.4112679064273834,0.49651142954826355,-0.2290700078010559
rock,0.0,0.0,0.0,-0.23409779369831085,-0.226493239402771,0.026667511090636253,-0.5813891291618347,-0.23065568506717682,-0.01234852708876133,-0.8395657539367676,0.005167256109416485,-0.05747610330581665,-0.9562441110610962,0.21402160823345184,-0.10147175937891006,-0.6650917530059814,-0.4636217951774597,-0.1217380166053772,-0.9720322489738464,-0.1149689331650734,-0.20478148758411407,-0.8705827593803406,-0.014291280880570412,-0.2278871089220047,-0.7797020673751831,-0.07257740199565887,-0.2372005581855774,-0.5756478905677795,-0.2730126678943634,-0.18183334171772003,-0.8992969393730164,0.12097898125648499,-0.25662535429000854,-0.7865181565284729,0.16530855000019073,-0.2361220419406891,-0.6895714998245239,0.07698382437229156,-0.2215566188097,-0.47903281450271606,-0.04594260826706886,-0.23564442992210388,-0.7760398387908936,0.3053654730319977,-0.3060317933559418,-0.6623089909553528,0.30821067094802856,-0.25250953435897827,-0.5687357187271118,0.20549294352531433,-0.21193934977054596,-0.382839173078537,0.18825535476207733,-0.28292959928512573,-0.6286882758140564,0.452898234128952,-0.3360135555267334,-0.5465579032897949,0.4415714740753174,-0.29949694871902466,-0.4613286256790161,0.3545548915863037,-0.2656037509441376
rock,0.0,0.0,0.0,-0.18793806433677673,-0.2764947712421417,0.012128131464123726,-0.5091807246208191,-0.3739112615585327,-0.024594491347670555,-0.7861179113388062,-0.25908803939819336,-0.06884188205003738,-0.9374372363090515,-0.10528977960348129,-0.10393259674310684,-0.5640661716461182,-0.6809712052345276,-0.05371285229921341,-0.8955090045928955,-0.4194276034832001,-0.148809015750885,-0.8087218999862671,-0.3009730577468872,-0.1922450214624405,-0.7076360583305359,-0.3322889804840088,-0.21069391071796417,-0.5190600156784058,-0.5128618478775024,-0.10366817563772202,-0.8601185083389282,-0.1966247856616974,-0.1906552016735077,-0.7525159120559692,-0.13013939559459686,-0.18705590069293976,-0.6529011726379395,-0.19095180928707123,-0.17885830998420715,-0.47499504685401917,-0.294119268655777,-0.15592199563980103,-0.7863011956214905,-0.012550479732453823,-0.23599155247211456,-0.6726326942443848,0.033941544592380524,-0.19042229652404785,-0.5726518034934998,-0.029263757169246674,-0.1496010273694992,-0.4272172152996063,-0.058112405240535736,-0.20600469410419464,-0.6822525262832642,0.13786062598228455,-0.2618853449821472,-0.5895540118217468,0.17062312364578247,-0.23242606222629547,-0.492950975894928,0.12844295799732208,-0.1994650512933731
rock,0.0,0.0,0.0,-0.1517932415008545,-0.29739853739738464,0.017493167892098427,-0.42847129702568054,-0.4769267141819,-0.015265438705682755,-0.689744234085083,-0.45993590354919434,-0.056622352451086044,-0.8458559513092041,-0.3656410872936249,-0.086116261780262,-0.43280017375946045,-0.810303270816803,-0.02986750192940235,-0.7722150683403015,-0.6235249042510986,-0.12206800282001495,-0.6971227526664734,-0.4974268674850464,-0.16529136896133423,-0.6046565175056458,-0.5293603539466858,-0.18574362993240356,-0.41346877813339233,-0.6607809662818909,-0.08321640640497208,-0.7718331217765808,-0.43765467405319214,-0.167306050658226,-0.6764847636222839,-0.34691140055656433,-0.16422411799430847,-0.5839690566062927,-0.3887278735637665,-0.15701605379581451,-0.40154555439949036,-0.4664199650287628,-0.1403869390487671,-0.7320806980133057,-0.256407767534256,-0.21518798172473907,-0.6292198896408081,-0.1766272783279419,-0.16819247603416443,-0.5350777506828308,-0.22296719253063202,-0.12854842841625214,-0.38529038429260254,-0.25257521867752075,-0.19658023118972778,-0.6591109037399292,-0.10262847691774368,-0.24568964540958405,-0.5708932876586914,-0.04048804193735123,-0.2143598198890686,-0.4753427505493164,-0.06980163604021072,-0.18188290297985077
rock,0.0,0.0,0.0,-0.13070274889469147,-0.29545798897743225,0.016179073601961136,-0.3882844150066376,-0.5041181445121765,-0.015468395315110683,-0.6450493335723877,-0.519264817237854,-0.05669352784752846,-0.8087626099586487,-0.4511401653289795,-0.08525196462869644,-0.37725862860679626,-0.839995265007019,-0.014479734934866428,-0.7162843942642212,-0.689915657043457,-0.1046571359038353,-0.646517276763916,-0.5612480044364929,-0.15057362616062164,-0.5534368753433228,-0.5897232294082642,-0.17383894324302673,-0.37103721499443054,-0.7014840841293335,-0.0653875321149826,-0.7300600409507751,-0.5183535218238831,-0.1475263386964798,-0.6384783387184143,-0.4181503355503082,-0.14594142138957977,-0.5442305207252502,-0.45637622475624084,-0.1397104114294052,-0.37189629673957825,-0.521407425403595,-0.12171640247106552,-0.7088462710380554,-0.3552051782608032,-0.19401758909225464,-0.6097504496574402,-0.26360246539115906,-0.1476879119873047,-0.5144728422164917,-0.30601951479911804,-0.1092294305562973,-0.3684408664703369,-0.31725236773490906,-0.17811016738414764,-0.6445077657699585,-0.20045803487300873,-0.2253718227148056,-0.5604715943336487,-0.12679974734783173,-0.1956435889005661,-0.4630323052406311,-0.14869403839111328,-0.16487909853458405
rock,0.0,0.0,0.0,-0.1052381694316864,-0.2872203290462494,0.011922212317585945,-0.32013043761253357,-0.5237095355987549,-0.021723555400967598,-0.5518615245819092,-0.6016685366630554,-0.06437908858060837,-0.7140569686889648,-0.6053219437599182,-0.09268883615732193,-0.2529398798942566,-0.8795761466026306,-0.012227268889546394,-0.5946398973464966,-0.7975479364395142,-0.10159046202898026,-0.5431138873100281,-0.6544595956802368,-0.14880011975765228,-0.45284977555274963,-0.6570306420326233,-0.17324350774288177,-0.2670016884803772,-0.7688351273536682,-0.05880153179168701,-0.6247720122337341,-0.6520544290542603,-0.1389188915491104,-0.5503455400466919,-0.5303497314453125,-0.14020349085330963,-0.4588952958583832,-0.5442158579826355,-0.1378421187400818,-0.29481929540634155,-0.6148107647895813,-0.11192645132541656,-0.624402642250061,-0.5032618045806885,-0.17765572667121887,-0.5439504981040955,-0.3847125470638275,-0.13641150295734406,-0.4525947570800781,-0.4017350375652313,-0.10562796145677567,-0.3257257044315338,-0.43456199765205383,-0.16680565476417542,-0.5859218835830688,-0.35151222348213196,-0.2124152034521103,-0.5193210244178772,-0.25253036618232727,-0.19243170320987701,-0.43120357394218445,-0.2564633786678314,-0.1711263209581375
rock,0.0,0.0,0.0,-0.05725051835179329,-0.30600547790527344,0.026420295238494873,-0.21992313861846924,-0.5729776620864868,0.001144464942626655,-0.42152082920074463,-0.7034087181091309,-0.03649582341313362,-0.5641334652900696,-0.753725528717041,-0.06103111803531647,-0.10741706937551498,-0.8742280602455139,0.004827038384974003,-0.42673465609550476,-0.9017117023468018,-0.0693802759051323,-0.4024120271205902,-0.748916745185852,-0.10851086676120758,-0.3230057656764984,-0.7221182584762573,-0.12940989434719086,-0.14616520702838898,-0.7918257117271423,-0.044906195253133774,-0.4858548045158386,-0.7884801030158997,-0.1126633733510971,-0.4335593283176422,-0.644558846950531,-0.11102688312530518,-0.34800681471824646,-0.6258694529533386,-0.10663802921772003,-0.20159432291984558,-0.6727698445320129,-0.09903882443904877,-0.5184552669525146,-0.6574522256851196,-0.1523483693599701,-0.45888039469718933,-0.5132851600646973,-0.11069615185260773,-0.37099704146385193,-0.4976547062397003,-0.08093075454235077,-0.26385629177093506,-0.5260699987411499,-0.15380746126174927,-0.5163304209709167,-0.5175185203552246,-0.19191016256809235,-0.4691981077194214,-0.3954118490219116,-0.16968369483947754,-0.38797739148139954,-0.36445948481559753,-0.14706066250801086
rock,0.0,0.0,0.0,0.00920591875910759,-0.31363922357559204,0.028852278366684914,-0.10258395969867706,-0.6099503040313721,0.002010471886023879,-0.2883932292461395,-0.7831266522407532,-0.03610161691904068,-0.4291618764400482,-0.8526533246040344,-0.06323682516813278,0.04843900352716446,-0.8530166149139404,-0.010848729871213436,-0.26711326837539673,-0.9607656002044678,-0.07469969987869263,-0.27121758460998535,-0.8010390400886536,-0.10545405000448227,-0.20143373310565948,-0.7401373386383057,-0.12187719345092773,-0.01712685078382492,-0.7865731120109558,-0.05964997038245201,-0.3565487265586853,-0.864323616027832,-0.11559845507144928,-0.33205628395080566,-0.7110937237739563,-0.10970145463943481,-0.25151294469833374,-0.6641338467597961,-0.10649997740983963,-0.10519774258136749,-0.6881290078163147,-0.10970641672611237,-0.4185478091239929,-0.7522772550582886,-0.1515006721019745,-0.38641223311424255,-0.5977564454078674,-0.11005590111017227,-0.3024871349334717,-0.5531015992164612,-0.08504100888967514,-0.20458415150642395,-0.5694807767868042,-0.1596919149160385,-0.44914454221725464,-0.6262864470481873,-0.19263112545013428,-0.4225223660469055,-0.4940032958984375,-0.17049142718315125,-0.3461054265499115,-0.4406907558441162,-0.15010479092597961
rock,0.0,0.0,0.0,0.03284906595945358,-0.3071501553058624,0.03244076296687126,-0.06356579065322876,-0.6173279285430908,0.008217611350119114,-0.24310055375099182,-0.8057129979133606,-0.027537746354937553,-0.37913694977760315,-0.8872798681259155,-0.05220114439725876,0.09422493726015091,-0.8323885798454285,-0.004943758249282837,-0.20420485734939575,-0.976745069026947,-0.06534003466367722,-0.2192988395690918,-0.8245595097541809,-0.0947222039103508,-0.1541914939880371,-0.7619026303291321,-0.11098022013902664,0.021249687299132347,-0.7738696932792664,-0.0544462613761425,-0.30012959241867065,-0.8934919834136963,-0.10554758459329605,-0.289069265127182,-0.7436035871505737,-0.09849118441343307,-0.21288542449474335,-0.6905319094657898,-0.09490613639354706,-0.07456034421920776,-0.688524067401886,-0.10489523410797119,-0.37319236993789673,-0.7855931520462036,-0.14106391370296478,-0.3523452579975128,-0.6332975625991821,-0.10000945627689362,-0.27122756838798523,-0.5858662128448486,-0.07632778584957123,-0.1813272386789322,-0.5847904086112976,-0.15518905222415924,-0.41351211071014404,-0.661628007888794,-0.1834542602300644,-0.39226266741752625,-0.531785249710083,-0.16139180958271027,-0.317356139421463,-0.4756690561771393,-0.14213481545448303
rock,0.0,0.0,0.0,0.022538967430591583,-0.28861525654792786,-0.0009941949974745512,-0.015069619752466679,-0.6006260514259338,-0.03736433386802673,-0.13145005702972412,-0.827736496925354,-0.08039084076881409,-0.22323419153690338,-0.942165195941925,-0.1079164519906044,0.2600618898868561,-0.7687628269195557,-0.010943010449409485,-0.016950130462646484,-0.9956725239753723,-0.09137289226055145,-0.06808415800333023,-0.8483145833015442,-0.13715162873268127,-0.018930885940790176,-0.7581062912940979,-0.16162128746509552,0.2057235836982727,-0.7418854832649231,-0.04590531438589096,-0.11328645795583725,-0.9386098384857178,-0.11638640612363815,-0.13658404350280762,-0.780238151550293,-0.12088755518198013,-0.07313289493322372,-0.7063475847244263,-0.1210273951292038,0.1111237183213234,-0.6978908181190491,-0.08844582736492157,-0.19369524717330933,-0.8538861274719238,-0.14139936864376068,-0.20599761605262756,-0.6903738975524902,-0.11121300607919693,-0.13957521319389343,-0.6196044683456421,-0.09048128128051758,-0.006885917391628027,-0.6405254602432251,-0.13505902886390686,-0.24545930325984955,-0.7418772578239441,-0.17390017211437225,-0.2601064145565033,-0.6051468253135681,-0.16401508450508118,-0.2098570019006729,-0.5323732495307922,-0.15118536353111267
rock,0.0,0.0,0.0,-0.1636592447757721,-0.3617328405380249,0.015503636561334133,-0.2053038477897644,-0.6301447749137878,-0.021105393767356873,-0.24240286648273468,-0.8268066644668579,-0.07580485939979553,-0.21697625517845154,-0.9415422677993774,-0.1135459840297699,0.21593794226646423,-0.8228962421417236,0.043258871883153915,-0.09348466992378235,-0.9946814775466919,-0.04323653504252434,-0.14661450684070587,-0.8053005933761597,-0.10362539440393448,-0.0824437215924263,-0.7091235518455505,-0.14140060544013977,0.23442883789539337,-0.7897388935089111,-0.015187440440058708,-0.14792273938655853,-0.9499295949935913,-0.10118415951728821,-0.18326455354690552,-0.7454280853271484,-0.11593995243310928,-0.09494190663099289,-0.6624861359596252,-0.11853113770484924,0.1956464946269989,-0.726858377456665,-0.08471008390188217,-0.1728169023990631,-0.8687923550605774,-0.14902420341968536,-0.1995394378900528,-0.6671319603919983,-0.10839638859033585,-0.11693144589662552,-0.5830522179603577,-0.07773489505052567,0.1159251481294632,-0.6448067426681519,-0.1608833223581314,-0.1806177943944931,-0.7279841303825378,-0.20927613973617554,-0.19964483380317688,-0.5790324211120605,-0.1946936547756195,-0.1260959953069687,-0.4963564872741699,-0.1742154061794281
rock,0.0,0.0,0.0,-0.1743704378604889,-0.3276864290237427,0.0012036695843562484,-0.23743867874145508,-0.6028642058372498,-0.05026531592011452,-0.2870985269546509,-0.7861736416816711,-0.12059725821018219,-0.24379099905490875,-0.9089886546134949,-0.17133387923240662,0.1867254376411438,-0.8710431456565857,0.03306713327765465,-0.12212206423282623,-0.990505576133728,-0.06312631815671921,-0.1528775691986084,-0.776996910572052,-0.13340358436107635,-0.06812497228384018,-0.7091913223266602,-0.18161696195602417,0.2369193434715271,-0.8280649781227112,-0.02610313519835472,-0.15353402495384216,-0.9377246499061584,-0.12533190846443176,-0.15809403359889984,-0.7131550312042236,-0.1458374708890915,-0.04614902287721634,-0.6545583009719849,-0.1517602801322937,0.23228131234645844,-0.7455421090126038,-0.09803565591573715,-0.14112412929534912,-0.8520644307136536,-0.17074158787727356,-0.1475387066602707,-0.6373787522315979,-0.12620027363300323,-0.045882657170295715,-0.5732805132865906,-0.09342654049396515,0.18139050900936127,-0.6397965550422668,-0.17816072702407837,-0.11255155503749847,-0.7025448083877563,-0.23176483809947968,-0.10797552764415741,-0.5492823719978333,-0.21355250477790833,-0.008694709278643131,-0.4748232364654541,-0.1900564730167389
rock,0.0,0.0,0.0,-0.1676524579524994,-0.2867615222930908,-0.038072552531957626,-0.2538091838359833,-0.5648534297943115,-0.0972452163696289,-0.29630357027053833,-0.7595407366752625,-0.16941340267658234,-0.2246483415365219,-0.8545998930931091,-0.2186683714389801,0.13679106533527374,-0.8842893242835999,0.020187901332974434,-0.14803791046142578,-0.9841013550758362,-0.09812840074300766,-0.18031416833400726,-0.7682265639305115,-0.17347078025341034,-0.1031222715973854,-0.6966879963874817,-0.21640817821025848,0.21755915880203247,-0.8428794741630554,-0.018592748790979385,-0.1336759328842163,-0.8934903740882874,-0.13810940086841583,-0.14171171188354492,-0.6485684514045715,-0.15692827105522156,-0.03399433195590973,-0.6071875691413879,-0.14810431003570557,0.25918638706207275,-0.7574208378791809,-0.07763750106096268,-0.08522261679172516,-0.7971718907356262,-0.18029798567295074,-0.09251349419355392,-0.5640771985054016,-0.13944175839424133,0.00748673640191555,-0.5138632655143738,-0.09253540635108948,0.2551921606063843,-0.6409969329833984,-0.14758658409118652,-0.01656266301870346,-0.6580286622047424,-0.2157076746225357,-0.02384796179831028,-0.5006365776062012,-0.1986067146062851,0.06275762617588043,-0.44452962279319763,-0.1657850444316864
rock,0.0,0.0,0.0,-0.1719685047864914,-0.18822446465492249,-0.07104949653148651,-0.31396806240081787,-0.4913588762283325,-0.11702695488929749,-0.30457979440689087,-0.7543681859970093,-0.16930313408374786,-0.14977915585041046,-0.8666085004806519,-0.19634629786014557,-0.10633672028779984,-0.8544073700904846,0.014253785833716393,-0.24711637198925018,-0.9628539085388184,-0.10883909463882446,-0.23925340175628662,-0.7055605053901672,-0.16042742133140564,-0.17049476504325867,-0.6694217920303345,-0.18273785710334778,0.037200476974248886,-0.8379729390144348,-0.0032896394841372967,-0.1167154386639595,-0.8806633353233337,-0.1312197595834732,-0.12512819468975067,-0.5764880776405334,-0.12205731123685837,-0.05249379947781563,-0.579533576965332,-0.08276158571243286,0.1699005663394928,-0.7691458463668823,-0.049373749643564224,0.019026119261980057,-0.8038913011550903,-0.18123795092105865,-0.012480760924518108,-0.515048623085022,-0.11801566183567047,0.057909779250621796,-0.5021753311157227,-0.04069274291396141,0.2976095378398895,-0.659711480140686,-0.10593806207180023,0.14659099280834198,-0.683374285697937,-0.17869463562965393,0.10447333008050919,-0.4943109452724457,-0.14134089648723602,0.16303260624408722,-0.47093865275382996,-0.09110164642333984
rock,0.0,0.0,0.0,-0.17825879156589508,-0.15185758471488953,-0.0821269229054451,-0.3026690185070038,-0.4660102427005768,-0.11487706005573273,-0.24512514472007751,-0.7525117993354797,-0.1521817296743393,-0.08911710232496262,-0.8602610230445862,-0.16401968896389008,-0.21579061448574066,-0.746313750743866,0.012151440605521202,-0.24837344884872437,-0.9622147679328918,-0.11159452795982361,-0.24636833369731903,-0.7144367098808289,-0.1549239456653595,-0.21287192404270172,-0.6606592535972595,-0.16548983752727509,-0.06796347349882126,-0.7270715832710266,0.0009633786394260824,-0.07591928541660309,-0.9050995707511902,-0.12622348964214325,-0.10956644266843796,-0.5964153409004211,-0.12000301480293274,-0.0890541672706604,-0.5940575003623962,-0.07647544145584106,0.07427859306335449,-0.6710056662559509,-0.03959355130791664,0.07768642902374268,-0.8288376927375793,-0.17345856130123138,0.021919377148151398,-0.5385527014732361,-0.11424767225980759,0.03896820545196533,-0.5255208611488342,-0.03337860479950905,0.22435060143470764,-0.5949860215187073,-0.08999764174222946,0.2104063481092453,-0.7174098491668701,-0.15408602356910706,0.15082663297653198,-0.5264871716499329,-0.1036442294716835,0.15336216986179352,-0.48468688130378723,-0.043211814016103745
rock,0.0,0.0,0.0,-0.14362619817256927,-0.16765692830085754,-0.11870725452899933,-0.2324875295162201,-0.46867629885673523,-0.16756412386894226,-0.15045839548110962,-0.7310271263122559,-0.21191459894180298,-0.009432697668671608,-0.8631803393363953,-0.2283601313829422,-0.2832346558570862,-0.7510778307914734,-0.01885743997991085,-0.24332775175571442,-0.9569224715232849,-0.1584012508392334,-0.21376624703407288,-0.703454315662384,-0.21711568534374237,-0.21387411653995514,-0.6315857768058777,-0.2341703474521637,-0.12282546609640121,-0.7469130158424377,-0.013930315151810646,-0.04534101486206055,-0.9294832944869995,-0.15538522601127625,-0.05067138746380806,-0.6173797249794006,-0.16695860028266907,-0.08018750697374344,-0.6127660870552063,-0.13558293879032135,0.03376491367816925,-0.7097041606903076,-0.040098052471876144,0.11455509066581726,-0.8506606221199036,-0.19202539324760437,0.0787443220615387,-0.5532310605049133,-0.15110689401626587,0.03475159406661987,-0.5381671190261841,-0.0808170810341835,0.17502138018608093,-0.6429031491279602,-0.07729904353618622,0.23269028961658478,-0.7520715594291687,-0.15657451748847961,0.1963210552930832,-0.5458047389984131,-0.11424565315246582,0.15567708015441895,-0.5020056366920471,-0.05793025344610214
rock,0.0,0.0,0.0,-0.1058046817779541,-0.17284658551216125,-0.20134297013282776,-0.1539643555879593,-0.45064061880111694,-0.2732851803302765,-0.041536595672369,-0.699552595615387,-0.31566423177719116,0.06444762647151947,-0.8569538593292236,-0.3219097852706909,-0.3593484163284302,-0.7628991603851318,-0.07820285856723785,-0.189462348818779,-0.9574928879737854,-0.217511847615242,-0.14369715750217438,-0.7157378196716309,-0.2856281101703644,-0.18702052533626556,-0.6121936440467834,-0.3113291263580322,-0.19173356890678406,-0.7789548635482788,-0.02027464285492897,-0.02367802895605564,-0.9330718517303467,-0.16562914848327637,-0.004470968618988991,-0.6505836844444275,-0.19249166548252106,-0.07432866096496582,-0.6166946887969971,-0.1740068942308426,-0.031252115964889526,-0.7562320232391357,0.0022344852332025766,0.11946561187505722,-0.8708785772323608,-0.15129023790359497,0.11233367770910263,-0.6180300712585449,-0.13685491681098938,0.02385876141488552,-0.5827557444572449,-0.08752170205116272,0.09990809857845306,-0.6970863938331604,0.008610045537352562,0.22213858366012573,-0.8101801872253418,-0.09241420030593872,0.2035154104232788,-0.6271488666534424,-0.08207361400127411,0.1139778345823288,-0.5627286434173584,-0.04683627188205719
rock,0.0,0.0,0.0,-0.039652254432439804,-0.17568372189998627,-0.25151461362838745,-0.030934883281588554,-0.4639768600463867,-0.32686227560043335,0.09219086915254593,-0.7227771282196045,-0.34721601009368896,0.167375847697258,-0.8850138783454895,-0.3321533799171448,-0.3154233694076538,-0.766650915145874,-0.15747614204883575,-0.06194779649376869,-0.9674212336540222,-0.24547630548477173,0.015758972615003586,-0.7298193573951721,-0.2814564108848572,-0.047799158841371536,-0.6024228930473328,-0.29278141260147095,-0.20363448560237885,-0.8019031286239624,-0.04346083849668503,0.053017228841781616,-0.961991012096405,-0.1416894644498825,0.11353839933872223,-0.704056441783905,-0.15835288166999817,0.03210285305976868,-0.6056724786758423,-0.14329351484775543,-0.08842523396015167,-0.7924085855484009,0.04323824122548103,0.13529634475708008,-0.9247342944145203,-0.06863944232463837,0.1859588921070099,-0.6925011873245239,-0.06808366626501083,0.10025513917207718,-0.6041985154151917,-0.036261629313230515,0.007844312116503716,-0.7518891096115112,0.11372406035661697,0.1725671887397766,-0.8815750479698181,0.036895785480737686,0.20624075829982758,-0.7151211500167847,0.03523975610733032,0.12942056357860565,-0.6282509565353394,0.05764680355787277
rock,0.0,0.0,0.0,0.11968422681093216,-0.10788551717996597,-0.25494813919067383,0.2728731632232666,-0.3603455722332001,-0.3378259241580963,0.45068103075027466,-0.5969402194023132,-0.3610583245754242,0.5214644074440002,-0.7778578996658325,-0.35073044896125793,-0.030794573947787285,-0.7821411490440369,-0.18137599527835846,0.3286404013633728,-0.8429685235023499,-0.2611248791217804,0.33430415391921997,-0.6313811540603638,-0.3063049614429474,0.23517544567584991,-0.5578141212463379,-0.3288807272911072,-0.009888915345072746,-0.7872440814971924,-0.06020045280456543,0.34187933802604675,-0.7980849742889404,-0.14599297940731049,0.30968227982521057,-0.580654501914978,-0.16683423519134521,0.19861802458763123,-0.5184382796287537,-0.16453543305397034,0.036828793585300446,-0.7561171054840088,0.03724440559744835,0.3522273004055023,-0.7847610712051392,-0.05227215960621834,0.3128862679004669,-0.5941874384880066,-0.05793500319123268,0.20708148181438446,-0.5315367579460144,-0.03909721598029137,0.09167558699846268,-0.7135080695152283,0.11733738332986832,0.3100684881210327,-0.7444841265678406,0.05780347064137459,0.29271334409713745,-0.6140758395195007,0.049617040902376175,0.21976913511753082,-0.5728023648262024,0.06284364312887192
rock,0.0,0.0,0.0,0.1698504388332367,-0.09345261007547379,-0.20459945499897003,0.38515758514404297,-0.3127489686012268,-0.2596469819545746,0.592858612537384,-0.5032782554626465,-0.27003341913223267,0.6829459071159363,-0.6879854202270508,-0.24548093974590302,0.1528603583574295,-0.7892855405807495,-0.10459502041339874,0.4917531907558441,-0.7529904246330261,-0.19389788806438446,0.434970498085022,-0.534480631351471,-0.24412471055984497,0.31858474016189575,-0.5078798532485962,-0.26686301827430725,0.1796250343322754,-0.7920252084732056,-0.014440148137509823,0.49808815121650696,-0.7228498458862305,-0.11949292570352554,0.41612857580184937,-0.5064242482185364,-0.1473117470741272,0.29958418011665344,-0.5011564493179321,-0.14159052073955536,0.215339794754982,-0.7481688857078552,0.050105445086956024,0.49527525901794434,-0.6946355104446411,-0.05330262333154678,0.420166939496994,-0.5039273500442505,-0.05248936638236046,0.30422094464302063,-0.4965115785598755,-0.024732669815421104,0.24461010098457336,-0.6800070405006409,0.10007794946432114,0.4504045248031616,-0.6388253569602966,0.03356697037816048,0.39407405257225037,-0.5056768655776978,0.02789110690355301,0.3022160828113556,-0.5010161399841309,0.04427989199757576
rock,0.0,0.0,0.0,0.19618315994739532,-0.006623203866183758,-0.21906383335590363,0.44831353425979614,-0.1886301040649414,-0.2860083281993866,0.6825711727142334,-0.3784440755844116,-0.30036309361457825,0.7819469571113586,-0.5563032627105713,-0.28122150897979736,0.24510210752487183,-0.7216732501983643,-0.19423410296440125,0.613358199596405,-0.6581720113754272,-0.2833046317100525,0.5475489497184753,-0.4241335690021515,-0.3239912986755371,0.426511287689209,-0.37225884199142456,-0.34207531809806824,0.23351852595806122,-0.7760357856750488,-0.09563755244016647,0.5912702679634094,-0.6588204503059387,-0.19623902440071106,0.49579524993896484,-0.4212504029273987,-0.21095342934131622,0.3717617988586426,-0.3920677900314331,-0.2009972631931305,0.23923124372959137,-0.7775726914405823,-0.015958597883582115,0.5686933994293213,-0.6610593795776367,-0.11096617579460144,0.48760443925857544,-0.4683677554130554,-0.10200540721416473,0.370967835187912,-0.45126187801361084,-0.0739179328083992,0.24706734716892242,-0.7480605244636536,0.04878641292452812,0.4822635352611542,-0.654805064201355,-0.017001716420054436,0.4294796288013458,-0.5193723440170288,-0.021815307438373566,0.3439828157424927,-0.5153579115867615,-0.007421317510306835
rock,0.0,0.0,0.0,0.17445619404315948,0.13031162321567535,-0.21683336794376373,0.4582628309726715,-0.006649942137300968,-0.29611697793006897,0.7213400602340698,-0.20704835653305054,-0.32357028126716614,0.8562372326850891,-0.40742939710617065,-0.3175834119319916,0.3053649067878723,-0.6284921765327454,-0.2429634928703308,0.6967783570289612,-0.48902377486228943,-0.3596118688583374,0.5922806859016418,-0.27388593554496765,-0.40289780497550964,0.4595039188861847,-0.2626320421695709,-0.4235517382621765,0.28899863362312317,-0.7248982787132263,-0.16036264598369598,0.6850093603134155,-0.5283496379852295,-0.2849070131778717,0.565315306186676,-0.3057652711868286,-0.2898341119289398,0.4502776265144348,-0.30831313133239746,-0.27619466185569763,0.2997541129589081,-0.7465354204177856,-0.09548938274383545,0.6642076969146729,-0.5368345975875854,-0.20309214293956757,0.5399319529533386,-0.3462122976779938,-0.16480015218257904,0.417493611574173,-0.34999674558639526,-0.12259989231824875,0.3151959180831909,-0.7238646745681763,-0.04664848744869232,0.5833396911621094,-0.5758976936340332,-0.11627404391765594,0.501627504825592,-0.43320754170417786,-0.10652433335781097,0.4169917702674866,-0.4298238456249237,-0.08561145514249802
rock,0.0,0.0,0.0,0.21029627323150635,0.11934031546115875,-0.11620457470417023,0.47728246450424194,-0.008621341548860073,-0.18165601789951324,0.7162877321243286,-0.14336058497428894,-0.2316901534795761,0.890711784362793,-0.23307247459888458,-0.24872247874736786,0.42995715141296387,-0.7771004438400269,-0.10910619050264359,0.7534412145614624,-0.610059380531311,-0.24526284635066986,0.6440200805664062,-0.3294445276260376,-0.3026565909385681,0.5270746946334839,-0.3175175189971924,-0.33110475540161133,0.36719992756843567,-0.8414309024810791,-0.10381384938955307,0.7246795296669006,-0.5105222463607788,-0.23487283289432526,0.5878840088844299,-0.24256132543087006,-0.2410392463207245,0.4801611602306366,-0.28629234433174133,-0.22927328944206238,0.30664026737213135,-0.8054325580596924,-0.1182757019996643,0.6454376578330994,-0.4561901390552521,-0.24823182821273804,0.5120841264724731,-0.2260785698890686,-0.2077900469303131,0.40180498361587524,-0.27109912037849426,-0.15998497605323792,0.2487127184867859,-0.7043463587760925,-0.14360259473323822,0.5282740592956543,-0.4385921061038971,-0.22108161449432373,0.44388318061828613,-0.2764386832714081,-0.20055577158927917,0.343128502368927,-0.2957440912723541,-0.16937783360481262
rock,0.0,0.0,0.0,-0.07865627110004425,0.21405087411403656,-0.39890149235725403,0.06903113424777985,0.24387399852275848,-0.6108055114746094,0.3612823486328125,0.20498310029506683,-0.7218754887580872,0.6167879700660706,0.1340320110321045,-0.7756339907646179,0.08100923150777817,-0.5525866746902466,-0.6516261696815491,0.42039215564727783,-0.14577791094779968,-0.8449137806892395,0.26603659987449646,0.04034727066755295,-0.8689038753509521,0.15913552045822144,-0.10159797221422195,-0.8825884461402893,0.2757631540298462,-0.7220999002456665,-0.5148510336875916,0.5761935710906982,-0.16723306477069855,-0.7173442840576172,0.3746322989463806,0.05157887935638428,-0.6900190114974976,0.28031978011131287,-0.08932328224182129,-0.6667192578315735,0.442702054977417,-0.7492617964744568,-0.39560428261756897,0.6962740421295166,-0.2332693636417389,-0.5729058980941772,0.5074859857559204,-0.04371997341513634,-0.5156152844429016,0.39711281657218933,-0.17150315642356873,-0.47301360964775085,0.5721573233604431,-0.6976273655891418,-0.3038404881954193,0.7497631907463074,-0.3919457197189331,-0.43490877747535706,0.6406053304672241,-0.2847391963005066,-0.4448143243789673,0.5635873079299927,-0.3870333433151245,-0.44381749629974365
rock,0.0,0.0,0.0,-0.29233473539352417,0.1399228274822235,-0.2772872745990753,-0.46062952280044556,0.16149389743804932,-0.46929731965065,-0.24909153580665588,0.1806778758764267,-0.6107301115989685,-0.030806872993707657,0.1384630650281906,-0.7171497941017151,-0.46140846610069275,-0.7950218319892883,-0.39375436305999756,-0.18979832530021667,-0.20836162567138672,-0.5730064511299133,-0.14964719116687775,0.015521015971899033,-0.669113278388977,-0.2035563737154007,-0.0746540054678917,-0.7402459383010864,-0.17291317880153656,-0.9035136103630066,-0.34684979915618896,0.07423248887062073,-0.1878204196691513,-0.4991159737110138,0.05036158859729767,0.026427090167999268,-0.5221072435379028,-0.0372774563729763,-0.13351435959339142,-0.5488232970237732,0.09661602228879929,-0.881803035736084,-0.32183265686035156,0.3202408254146576,-0.23825989663600922,-0.4674764573574066,0.24064303934574127,-0.10399617999792099,-0.43369656801223755,0.1180741935968399,-0.27845096588134766,-0.41072386503219604,0.3286202847957611,-0.7862508893013,-0.32630717754364014,0.4702306389808655,-0.3927640914916992,-0.44520241022109985,0.4024839997291565,-0.24470631778240204,-0.4395044147968292,0.323961466550827,-0.2942599058151245,-0.42266228795051575
rock,0.0,0.0,0.0,-0.24443469941616058,-0.04856911674141884,-0.17760416865348816,-0.4329577088356018,-0.16070495545864105,-0.30116644501686096,-0.37907278537750244,-0.19139650464057922,-0.3981892764568329,-0.18836133182048798,-0.22379638254642487,-0.46288442611694336,-0.3334256708621979,-0.9167865514755249,-0.2198401838541031,-0.30341190099716187,-0.5182458758354187,-0.34911584854125977,-0.28029370307922363,-0.31198471784591675,-0.4020203649997711,-0.2920997440814972,-0.3979910612106323,-0.438628613948822,-0.09892497956752777,-0.9325177073478699,-0.2044745534658432,-0.05572459101676941,-0.39823150634765625,-0.3324914276599884,-0.08041451126337051,-0.20348906517028809,-0.3538225591182709,-0.11821828782558441,-0.34919804334640503,-0.363827109336853,0.11812775582075119,-0.8510168194770813,-0.2069280743598938,0.1632583737373352,-0.3804040551185608,-0.32961657643318176,0.11724388599395752,-0.23349760472774506,-0.2960326373577118,0.0694580078125,-0.35096174478530884,-0.2617385685443878,0.3074457049369812,-0.7176978588104248,-0.2300388664007187,0.3628081977367401,-0.45762336254119873,-0.321796715259552,0.32558637857437134,-0.34498274326324463,-0.30800294876098633,0.2902127504348755,-0.39934131503105164,-0.2790464162826538
rock,0.0,0.0,0.0,-0.20001260936260223,-0.06976903975009918,-0.2043713629245758,-0.3955822288990021,-0.19043098390102386,-0.3448263704776764,-0.46677911281585693,-0.2878030240535736,-0.4573920965194702,-0.2923009693622589,-0.3393104672431946,-0.5372145175933838,-0.2909861207008362,-0.933198094367981,-0.21087537705898285,-0.3626469075679779,-0.6162965893745422,-0.34979942440986633,-0.33226051926612854,-0.40232163667678833,-0.40184152126312256,-0.2883926033973694,-0.43264269828796387,-0.4284459948539734,-0.06830815970897675,-0.9273034334182739,-0.17630767822265625,-0.13993549346923828,-0.4940650165081024,-0.3037067651748657,-0.1513707935810089,-0.2765679657459259,-0.30586379766464233,-0.13100725412368774,-0.3938280940055847,-0.2902509868144989,0.1393774300813675,-0.8243884444236755,-0.16702817380428314,0.07754425704479218,-0.4282304644584656,-0.2932719886302948,0.04732006788253784,-0.25836172699928284,-0.2482922226190567,0.06718818843364716,-0.32513904571533203,-0.19500035047531128,0.3197963237762451,-0.6778292059898376,-0.18009556829929352,0.2894114851951599,-0.4571790397167206,-0.26381945610046387,0.23329654335975647,-0.32515251636505127,-0.2406841218471527,0.21908092498779297,-0.3324192464351654,-0.20021294057369232
rock,0.0,0.0,0.0,-0.20028415322303772,-0.11766999214887619,-0.1670289784669876,-0.38894203305244446,-0.2766459882259369,-0.2787979543209076,-0.4675506353378296,-0.40705031156539917,-0.36978620290756226,-0.30652526021003723,-0.4822859764099121,-0.42888808250427246,-0.23728837072849274,-0.9579088687896729,-0.16156966984272003,-0.36735057830810547,-0.7584092020988464,-0.2830033302307129,-0.3414527177810669,-0.5121538639068604,-0.3256124258041382,-0.2835213243961334,-0.5077318549156189,-0.34700071811676025,-0.04077402129769325,-0.9420356154441833,-0.1405988335609436,-0.17617107927799225,-0.6301140189170837,-0.26215651631355286,-0.19309625029563904,-0.36954328417778015,-0.26317375898361206,-0.15987782180309296,-0.406534343957901,-0.24407312273979187,0.1343946009874344,-0.8305180072784424,-0.1420551985502243,0.017136752605438232,-0.5331553220748901,-0.26158401370048523,-0.01993965543806553,-0.3159805238246918,-0.21129068732261658,0.008257574401795864,-0.32968565821647644,-0.152601957321167,0.2866225838661194,-0.6702895164489746,-0.16243673861026764,0.2127041220664978,-0.5031228065490723,-0.22982129454612732,0.1532805860042572,-0.34220626950263977,-0.19514641165733337,0.15154699981212616,-0.31760814785957336,-0.14751943945884705
rock,0.0,0.0,0.0,-0.20303751528263092,-0.1442512571811676,-0.15634405612945557,-0.3822772800922394,-0.3510816693305969,-0.2638046145439148,-0.4551597237586975,-0.5239033699035645,-0.357360303401947,-0.3141401410102844,-0.6317611932754517,-0.41804924607276917,-0.16207173466682434,-0.9798133373260498,-0.11704105138778687,-0.34227341413497925,-0.8775047063827515,-0.2676471769809723,-0.32845309376716614,-0.6062414050102234,-0.33240067958831787,-0.2559220492839813,-0.5732124447822571,-0.3620310127735138,0.017798593267798424,-0.9474605917930603,-0.1094730794429779,-0.17362959682941437,-0.7731661200523376,-0.25839728116989136,-0.18420402705669403,-0.4665198028087616,-0.2651916444301605,-0.11698319017887115,-0.48632505536079407,-0.23938949406147003,0.1822696328163147,-0.8304989337921143,-0.13093850016593933,0.020424865186214447,-0.6582815051078796,-0.27822399139404297,-0.015693778172135353,-0.40701648592948914,-0.2191138118505478,0.0481855608522892,-0.43329381942749023,-0.14358751475811005,0.3368479013442993,-0.6740008592605591,-0.16971923410892487,0.23699550330638885,-0.6472072005271912,-0.2457747906446457,0.1807858943939209,-0.477071613073349,-0.19743779301643372,0.2117665708065033,-0.45592567324638367,-0.13525079190731049
rock,0.0,0.0,0.0,-0.19255276024341583,-0.16731935739517212,-0.1340002566576004,-0.3632435202598572,-0.3969544768333435,-0.22930994629859924,-0.4349830150604248,-0.5953825116157532,-0.31661006808280945,-0.30523303151130676,-0.7282640933990479,-0.37213388085365295,-0.11872165650129318,-0.9601149559020996,-0.08291283249855042,-0.3126695454120636,-0.9219256043434143,-0.22867222130298615,-0.31247204542160034,-0.6565881371498108,-0.2913694977760315,-0.2352931648492813,-0.6202368140220642,-0.3190954327583313,0.04257712513208389,-0.9272324442863464,-0.0823761373758316,-0.1663668304681778,-0.8292205929756165,-0.23082955181598663,-0.18504713475704193,-0.5167739391326904,-0.2333243191242218,-0.10481247305870056,-0.5225522518157959,-0.20230810344219208,0.1931360512971878,-0.8196829557418823,-0.11082284152507782,0.009665654972195625,-0.7051752209663391,-0.2549281120300293,-0.029676536098122597,-0.4452012777328491,-0.18905672430992126,0.04918628931045532,-0.4565953314304352,-0.10800843685865402,0.33693382143974304,-0.6708753705024719,-0.15508228540420532,0.2198188751935959,-0.6904083490371704,-0.2272338718175888,0.16169622540473938,-0.5278597474098206,-0.17567306756973267,0.20459145307540894,-0.5012943744659424,-0.11114932596683502
rock,0.0,0.0,0.0,-0.17217609286308289,-0.1807318776845932,-0.08994539082050323,-0.3141844570636749,-0.44864803552627563,-0.1511259824037552,-0.36280784010887146,-0.6793620586395264,-0.21490442752838135,-0.2569974660873413,-0.8553017377853394,-0.2530485987663269,-0.0845077857375145,-0.8307540416717529,-0.03394392132759094,-0.2452346384525299,-0.9557784795761108,-0.1623186469078064,-0.2497473955154419,-0.6957286596298218,-0.20977230370044708,-0.17525170743465424,-0.6231122016906738,-0.22327421605587006,0.04957910254597664,-0.788252592086792,-0.04079191014170647,-0.12160615622997284,-0.8763926029205322,-0.17970353364944458,-0.14455050230026245,-0.569797158241272,-0.17595307528972626,-0.06506682187318802,-0.5348014831542969,-0.1383323222398758,0.18021108210086823,-0.7228663563728333,-0.07355466485023499,0.034164901822805405,-0.8035363554954529,-0.21933281421661377,-0.009165376424789429,-0.5102550387382507,-0.15377365052700043,0.06429945677518845,-0.45832833647727966,-0.06782522052526474,0.317245751619339,-0.6262668967247009,-0.11583323776721954,0.24741798639297485,-0.8088034391403198,-0.19385550916194916,0.1647009253501892,-0.6124895215034485,-0.13752597570419312,0.17670868337154388,-0.5093393921852112,-0.06766854226589203
scissors,0.0,0.0,0.0,-0.10139401257038116,-0.14492470026016235,-0.017204249277710915,-0.1559387743473053,-0.3313709497451782,-0.03713962435722351,-0.1579548418521881,-0.46927985548973083,-0.07318084686994553,-0.09890880435705185,-0.5152588486671448,-0.10825817286968231,-0.010267646051943302,-0.5281631946563721,0.008673605509102345,-0.022665737196803093,-0.7142400145530701,-0.03168662264943123,-0.034597378224134445,-0.8265697360038757,-0.057997338473796844,-0.039654891937971115,-0.9232717752456665,-0.07596781104803085,0.057464417070150375,-0.5156655311584473,-0.025095339864492416,0.08244843035936356,-0.7492709755897522,-0.07994712144136429,0.06612854450941086,-0.882583737373352,-0.11069867759943008,0.05293012410402298,-0.9910030364990234,-0.12292864918708801,0.1159287840127945,-0.45978355407714844,-0.06600582599639893,0.08042983710765839,-0.6458132266998291,-0.152372807264328,-0.011535603553056717,-0.538144588470459,-0.16194291412830353,-0.06306587159633636,-0.42926549911499023,-0.14091965556144714,0.15447507798671722,-0.37617364525794983,-0.10777561366558075,0.09829798340797424,-0.527829110622406,-0.1672080159187317,0.015146764926612377,-0.47426965832710266,-0.16234470903873444,-0.0369887575507164,-0.3948943316936493,-0.14351516962051392
scissors,0.0,0.0,0.0,-0.1129428818821907,-0.1687813252210617,-0.012910720892250538,-0.15484681725502014,-0.34221071004867554,-0.03536837548017502,-0.18352922797203064,-0.4544808566570282,-0.07208343595266342,-0.1629321575164795,-0.5128953456878662,-0.10746295005083084,0.029699135571718216,-0.5163718461990356,-0.0016982037341222167,0.010114476084709167,-0.7081232666969299,-0.04429873079061508,-0.005448801442980766,-0.8387073278427124,-0.07532986998558044,-0.01779843121767044,-0.9447364211082458,-0.09872245043516159,0.08540590107440948,-0.486808717250824,-0.038197364658117294,0.08192373067140579,-0.7192866802215576,-0.10369133949279785,0.04962431639432907,-0.8656969666481018,-0.14820224046707153,0.021968957036733627,-0.9848442673683167,-0.17204365134239197,0.1169925257563591,-0.43393948674201965,-0.07868031412363052,0.027666332200169563,-0.6429440975189209,-0.16503845155239105,-0.06889256834983826,-0.5497713088989258,-0.1714794784784317,-0.11600222438573837,-0.45609235763549805,-0.15238912403583527,0.10918968915939331,-0.36506354808807373,-0.12008549273014069,-0.010769077576696873,-0.5160747170448303,-0.18373288214206696,-0.08657876402139664,-0.4504019618034363,-0.1808655709028244,-0.11495323479175568,-0.3683616816997528,-0.16415877640247345
scissors,0.0,0.0,0.0,-0.11543123424053192,-0.18981203436851501,0.00044332791003398597,-0.14223483204841614,-0.35019734501838684,-0.02201332338154316,-0.1707860380411148,-0.46567976474761963,-0.061747193336486816,-0.17680838704109192,-0.5266423225402832,-0.09910717606544495,0.05486457049846649,-0.506196916103363,0.008354797028005123,0.028899652883410454,-0.693381130695343,-0.03108127787709236,0.015552776865661144,-0.8270045518875122,-0.06172368675470352,0.0037517412565648556,-0.9317863583564758,-0.0861414447426796,0.09311049431562424,-0.47594571113586426,-0.03658044710755348,0.0634010061621666,-0.7123538255691528,-0.10434707999229431,0.029349470511078835,-0.866771399974823,-0.15124404430389404,0.005684817209839821,-0.9841035008430481,-0.1775050163269043,0.10070621967315674,-0.4268414080142975,-0.08360227942466736,-0.018787717446684837,-0.6202422380447388,-0.15781056880950928,-0.10352834314107895,-0.5334255695343018,-0.15060360729694366,-0.13479360938072205,-0.4502197206020355,-0.1257091462612152,0.07070500403642654,-0.36531969904899597,-0.13264475762844086,-0.05556521192193031,-0.514955997467041,-0.1787169724702835,-0.12173732370138168,-0.45768895745277405,-0.16332243382930756,-0.1426575928926468,-0.3852798640727997,-0.14087538421154022
scissors,0.0,0.0,0.0,-0.07804244011640549,-0.19641894102096558,0.00968174822628498,-0.07453131675720215,-0.3647705912590027,-0.009118628688156605,-0.07069758325815201,-0.4949195981025696,-0.03729939088225365,-0.07233601063489914,-0.5669117569923401,-0.06260977685451508,0.10474657267332077,-0.48713308572769165,-0.03718393296003342,0.06153348460793495,-0.7079469561576843,-0.08340351283550262,0.045521464198827744,-0.8448306918144226,-0.11371878534555435,0.031502190977334976,-0.9556127190589905,-0.13393105566501617,0.09861741214990616,-0.45074716210365295,-0.07133112847805023,0.033511869609355927,-0.7131348848342896,-0.13024607300758362,-0.009125246666371822,-0.8709239363670349,-0.1636359840631485,-0.04089873656630516,-0.9821439981460571,-0.18363147974014282,0.05669524148106575,-0.40396299958229065,-0.10213664919137955,-0.08250195533037186,-0.6141949892044067,-0.15910346806049347,-0.14929640293121338,-0.5321395397186279,-0.14860540628433228,-0.16475702822208405,-0.44407638907432556,-0.12705974280834198,-0.009617703966796398,-0.35563936829566956,-0.13303925096988678,-0.14994443953037262,-0.5013594031333923,-0.1728692203760147,-0.20564663410186768,-0.4529094398021698,-0.16276080906391144,-0.21811680495738983,-0.3915087580680847,-0.1449737250804901
scissors,0.0,0.0,0.0,0.05076447129249573,-0.17747202515602112,0.029239172115921974,0.058413974940776825,-0.36333954334259033,0.019663706421852112,0.01013804692775011,-0.505089282989502,0.00011795749742304906,-0.04526706039905548,-0.5789032578468323,-0.02077631838619709,0.12014146894216537,-0.4621545970439911,-0.04063951224088669,0.0830322727560997,-0.703029990196228,-0.08257509022951126,0.06646908819675446,-0.8373793363571167,-0.1027175784111023,0.05326366797089577,-0.9497520923614502,-0.11261460185050964,0.0837513878941536,-0.44018790125846863,-0.07765646278858185,0.018917514011263847,-0.7104530930519104,-0.12119617313146591,-0.020916705951094627,-0.8684535026550293,-0.13948187232017517,-0.05150210112333298,-0.9873239994049072,-0.15012957155704498,0.026336928829550743,-0.40251412987709045,-0.10840903967618942,-0.10079803317785263,-0.6112587451934814,-0.15481454133987427,-0.1616857945919037,-0.5404554605484009,-0.1493898332118988,-0.17992304265499115,-0.45511358976364136,-0.13291579484939575,-0.04576132819056511,-0.3580242097377777,-0.1357269287109375,-0.16910111904144287,-0.4982559382915497,-0.16534796357154846,-0.2180274873971939,-0.4583885967731476,-0.15655982494354248,-0.23317424952983856,-0.40096840262413025,-0.14162211120128632
scissors,0.0,0.0,0.0,0.05478536710143089,-0.180397629737854,0.02242882363498211,0.05491681396961212,-0.3771946132183075,0.009275813587009907,-0.013182898052036762,-0.5040194392204285,-0.012319830246269703,-0.08593029528856277,-0.5581058859825134,-0.03734419867396355,0.10244573652744293,-0.47576451301574707,-0.046695563942193985,0.06576619297266006,-0.7177048325538635,-0.0895015075802803,0.058866895735263824,-0.8586220145225525,-0.11296606808900833,0.05542542040348053,-0.9705990552902222,-0.12574175000190735,0.0428253598511219,-0.4513659179210663,-0.08036956936120987,-0.03338736668229103,-0.7101281881332397,-0.12107498198747635,-0.07640572637319565,-0.8633682727813721,-0.14247344434261322,-0.10737750679254532,-0.9817167520523071,-0.15716956555843353,-0.03164736181497574,-0.4060450494289398,-0.10734830051660538,-0.1579495668411255,-0.5974560379981995,-0.14294922351837158,-0.179504856467247,-0.5300490856170654,-0.13253813982009888,-0.1668856143951416,-0.4589543044567108,-0.11622519791126251,-0.1132148802280426,-0.3525795042514801,-0.1321348398923874,-0.22816960513591766,-0.4864569306373596,-0.15184526145458221,-0.2428758144378662,-0.44162648916244507,-0.13476906716823578,-0.22559687495231628,-0.38915979862213135,-0.11534924805164337
scissors,0.0,0.0,0.0,0.037325527518987656,-0.19401788711547852,0.021526562049984932,0.01407864410430193,-0.3924533426761627,0.0067528653889894485,-0.06819822639226913,-0.5080218315124512,-0.015582446940243244,-0.14660346508026123,-0.5497003793716431,-0.04136486351490021,0.047346461564302444,-0.5064367651939392,-0.050714023411273956,-0.029104653745889664,-0.7336419224739075,-0.09363110363483429,-0.061481770128011703,-0.8710808753967285,-0.11778390407562256,-0.08652152121067047,-0.981215238571167,-0.1316716969013214,-0.009410128928720951,-0.46262383460998535,-0.08471603691577911,-0.1270967423915863,-0.7008423209190369,-0.126909077167511,-0.19553856551647186,-0.843514084815979,-0.14909657835960388,-0.24684858322143555,-0.9549619555473328,-0.1646617352962494,-0.07972751557826996,-0.3965291976928711,-0.1115105152130127,-0.23605935275554657,-0.5564450621604919,-0.14661113917827606,-0.23830176889896393,-0.48648256063461304,-0.1332637220621109,-0.20839765667915344,-0.42406728863716125,-0.11583416163921356,-0.15563201904296875,-0.32259541749954224,-0.13624471426010132,-0.2871735394001007,-0.4310155510902405,-0.15485221147537231,-0.2825421690940857,-0.3809283375740051,-0.13454677164554596,-0.246228888630867,-0.33581778407096863,-0.11332957446575165
scissors,0.0,0.0,0.0,-0.13156041502952576,-0.17284686863422394,-0.0031405212357640266,-0.19134998321533203,-0.3254430890083313,-0.034137167036533356,-0.24209359288215637,-0.4349325895309448,-0.07745750993490219,-0.26818302273750305,-0.4906045198440552,-0.11925964802503586,-0.02251255325973034,-0.5363337993621826,-0.027802200987935066,-0.09825219959020615,-0.7178773880004883,-0.07959902286529541,-0.14478781819343567,-0.8451922535896301,-0.1172022745013237,-0.18140481412410736,-0.9459884762763977,-0.145574688911438,0.016606904566287994,-0.5039290189743042,-0.07008123397827148,-0.08648894727230072,-0.7158602476119995,-0.14269313216209412,-0.16189128160476685,-0.8519071936607361,-0.18936890363693237,-0.2119043469429016,-0.9527570605278015,-0.21760177612304688,0.023113936185836792,-0.4372791647911072,-0.11211226135492325,-0.15149810910224915,-0.5584868788719177,-0.18366850912570953,-0.2050798237323761,-0.4547019600868225,-0.17164309322834015,-0.20378601551055908,-0.3718727231025696,-0.14668482542037964,-0.00390798132866621,-0.35059282183647156,-0.15605533123016357,-0.1720770001411438,-0.4256487786769867,-0.20004649460315704,-0.2142927348613739,-0.3542390763759613,-0.18193306028842926,-0.20296019315719604,-0.29082056879997253,-0.1584302932024002
scissors,0.0,0.0,0.0,-0.13512441515922546,-0.19457568228244781,-0.01124029140919447,-0.20524966716766357,-0.36201152205467224,-0.04339572787284851,-0.2580949366092682,-0.46745169162750244,-0.08904983103275299,-0.24754470586776733,-0.4861879348754883,-0.13232547044754028,-0.03309169039130211,-0.5930266976356506,-0.015019831247627735,-0.11867182701826096,-0.7467675805091858,-0.07484644651412964,-0.18210245668888092,-0.8594309687614441,-0.11919417232275009,-0.24145711958408356,-0.9467704892158508,-0.1525324434041977,0.032158397138118744,-0.5566685795783997,-0.05877060815691948,-0.07960499823093414,-0.7469199895858765,-0.1385425180196762,-0.17691904306411743,-0.8628829717636108,-0.1879105418920517,-0.24882318079471588,-0.9440376162528992,-0.21651770174503326,0.06197965890169144,-0.4768146276473999,-0.10615724325180054,-0.12850239872932434,-0.5734392404556274,-0.18162570893764496,-0.1675863265991211,-0.44594287872314453,-0.1673789769411087,-0.149850532412529,-0.35952645540237427,-0.14008614420890808,0.04724280536174774,-0.36926695704460144,-0.15737859904766083,-0.13805638253688812,-0.41958439350128174,-0.20108525454998016,-0.16807398200035095,-0.3361024856567383,-0.18193861842155457,-0.1413974165916443,-0.27591297030448914,-0.1585710197687149
scissors,0.0,0.0,0.0,-0.13075028359889984,-0.17609798908233643,-0.02203940413892269,-0.21187251806259155,-0.3326523005962372,-0.06488704681396484,-0.2704263925552368,-0.429095983505249,-0.11892984062433243,-0.25252556800842285,-0.4442501962184906,-0.1715070605278015,-0.03064499981701374,-0.5978434681892395,-0.03447027876973152,-0.15046001970767975,-0.7484709024429321,-0.10971371829509735,-0.23300723731517792,-0.8512511849403381,-0.16744686663150787,-0.30924999713897705,-0.9278892874717712,-0.20829278230667114,0.044428251683712006,-0.5596711039543152,-0.0767643004655838,-0.09475802630186081,-0.7372661828994751,-0.1682349443435669,-0.21533110737800598,-0.8391323089599609,-0.22723840177059174,-0.308296263217926,-0.9041429162025452,-0.2610173523426056,0.08662993460893631,-0.4738379418849945,-0.12318804860115051,-0.1169484481215477,-0.5459960699081421,-0.206618070602417,-0.15814532339572906,-0.4087520241737366,-0.19710971415042877,-0.14315810799598694,-0.31467464566230774,-0.1723559945821762,0.08995518088340759,-0.3607215881347656,-0.17427632212638855,-0.10725004225969315,-0.38020625710487366,-0.22637537121772766,-0.14159651100635529,-0.2827173173427582,-0.2093711942434311,-0.11690683662891388,-0.21503481268882751,-0.185275599360466
scissors,0.0,0.0,0.0,-0.127729594707489,-0.12758129835128784,-0.06126301363110542,-0.23513223230838776,-0.29330670833587646,-0.10974664986133575,-0.2635723650455475,-0.40619733929634094,-0.163772314786911,-0.16821429133415222,-0.3960992991924286,-0.21386240422725677,-0.11378663033246994,-0.5673238039016724,-0.0443890318274498,-0.20943444967269897,-0.7348552942276001,-0.11652771383523941,-0.2745462954044342,-0.8322628736495972,-0.1710684895515442,-0.3330868184566498,-0.918822705745697,-0.21170276403427124,-0.0033772154711186886,-0.5730469822883606,-0.06793238967657089,-0.07694380730390549,-0.7606737017631531,-0.1543056219816208,-0.1588371843099594,-0.8600492477416992,-0.21052367985248566,-0.22796547412872314,-0.9396405816078186,-0.23988012969493866,0.09393856674432755,-0.5117627382278442,-0.10056460648775101,-0.016880063340067863,-0.5999239087104797,-0.2015112042427063,-0.08063607662916183,-0.4189145267009735,-0.20563353598117828,-0.09988722205162048,-0.28188395500183105,-0.18107064068317413,0.16637997329235077,-0.40588828921318054,-0.14005835354328156,0.018572300672531128,-0.39753392338752747,-0.21650801599025726,-0.0386597104370594,-0.27108505368232727,-0.21589931845664978,-0.04116063192486763,-0.174130380153656,-0.19713518023490906
scissors,0.0,0.0,0.0,-0.1393192708492279,-0.12218578159809113,-0.06670495122671127,-0.28090792894363403,-0.3073362410068512,-0.11644189059734344,-0.2742483615875244,-0.40503934025764465,-0.1695537120103836,-0.12880487740039825,-0.39567798376083374,-0.22066257894039154,-0.16966749727725983,-0.5973378419876099,-0.0507390983402729,-0.266846626996994,-0.747220516204834,-0.1347554326057434,-0.34165671467781067,-0.8157021403312683,-0.20049092173576355,-0.4151166081428528,-0.8761100769042969,-0.24517175555229187,-0.041610728949308395,-0.6232489347457886,-0.07117465883493423,-0.10295283049345016,-0.8012418150901794,-0.1712467223405838,-0.1857653260231018,-0.8338451981544495,-0.22744467854499817,-0.2631972134113312,-0.8525143265724182,-0.24749712646007538,0.08212024718523026,-0.5816137194633484,-0.10215878486633301,-0.0024738763459026814,-0.6405206322669983,-0.21322594583034515,-0.06645457446575165,-0.42761901021003723,-0.22470445930957794,-0.10055161267518997,-0.26983001828193665,-0.19972531497478485,0.190362349152565,-0.4863312542438507,-0.1402606964111328,0.06708812713623047,-0.4307605028152466,-0.2207636535167694,0.00914953276515007,-0.276443213224411,-0.2224508672952652,-0.001155169913545251,-0.1681649088859558,-0.20265081524848938
scissors,0.0,0.0,0.0,-0.15969030559062958,-0.08719772845506668,-0.0642988458275795,-0.32137149572372437,-0.2735901176929474,-0.11047036200761795,-0.2853243947029114,-0.3789735436439514,-0.16163618862628937,-0.12424716353416443,-0.4068957269191742,-0.21135392785072327,-0.21941256523132324,-0.6146801114082336,-0.041652824729681015,-0.3209252953529358,-0.7482134699821472,-0.134528249502182,-0.39870867133140564,-0.7975711226463318,-0.21120084822177887,-0.4805545210838318,-0.8367913365364075,-0.2623879611492157,-0.07715766131877899,-0.6537544131278992,-0.06323552876710892,-0.1404048204421997,-0.8118522763252258,-0.1675960272550583,-0.20869392156600952,-0.8365106582641602,-0.23158413171768188,-0.2820074260234833,-0.8686938285827637,-0.2585492730140686,0.06223074719309807,-0.6253626942634583,-0.09721577167510986,0.00479521369561553,-0.6860937476158142,-0.2190636396408081,-0.03938821330666542,-0.4417976140975952,-0.23565788567066193,-0.07463668286800385,-0.2773436903953552,-0.21351474523544312,0.19582000374794006,-0.5444003343582153,-0.13765913248062134,0.12080671638250351,-0.49530482292175293,-0.2325933575630188,0.056126177310943604,-0.315874844789505,-0.2398366779088974,0.017485864460468292,-0.20423467457294464,-0.22258178889751434
scissors,0.0,0.0,0.0,-0.20841726660728455,-0.07750294357538223,-0.11528606712818146,-0.40154796838760376,-0.25758156180381775,-0.20416395366191864,-0.33117642998695374,-0.4180090129375458,-0.2881121039390564,-0.09574337303638458,-0.45093780755996704,-0.36533552408218384,-0.29029208421707153,-0.7185229659080505,-0.10480944812297821,-0.3742164373397827,-0.8179191946983337,-0.2670823633670807,-0.4572817087173462,-0.7683614492416382,-0.391404390335083,-0.5393385291099548,-0.6899242997169495,-0.46351921558380127,-0.12385345250368118,-0.7991604208946228,-0.12007440626621246,-0.19772914052009583,-0.939581036567688,-0.27944687008857727,-0.280556857585907,-0.8545072078704834,-0.3575606346130371,-0.35977059602737427,-0.7907242178916931,-0.3810993432998657,0.03898486867547035,-0.7912602424621582,-0.15493525564670563,-0.027945389971137047,-0.773517906665802,-0.3074764609336853,-0.05971600115299225,-0.4970494508743286,-0.3178698420524597,-0.08347051590681076,-0.34133121371269226,-0.2859457731246948,0.20099706947803497,-0.7100019454956055,-0.20332500338554382,0.12642866373062134,-0.5675216317176819,-0.3059341609477997,0.06580901145935059,-0.3538835644721985,-0.30596229434013367,0.035942193120718,-0.25277647376060486,-0.2810403108596802
scissors,0.0,0.0,0.0,-0.1948680579662323,-0.07110254466533661,-0.12735415995121002,-0.37232401967048645,-0.22035448253154755,-0.2391500174999237,-0.30376574397087097,-0.3486045002937317,-0.3457959294319153,-0.08967892080545425,-0.42767640948295593,-0.44489508867263794,-0.2944019138813019,-0.6999558806419373,-0.13728757202625275,-0.3674001693725586,-0.8219407796859741,-0.32457441091537476,-0.4375479817390442,-0.7161476016044617,-0.46385297179222107,-0.4848209619522095,-0.5576335787773132,-0.538109302520752,-0.11797813326120377,-0.7759866714477539,-0.1532960832118988,-0.18017032742500305,-0.9270287752151489,-0.3288712203502655,-0.24356336891651154,-0.7751269340515137,-0.40838098526000977,-0.2785247266292572,-0.6054419875144958,-0.4281730055809021,0.05123919993638992,-0.7588979005813599,-0.19088461995124817,0.008599461987614632,-0.8068467974662781,-0.34523460268974304,-0.029215950518846512,-0.5479874610900879,-0.3511178195476532,-0.053511302918195724,-0.3613030016422272,-0.3190612196922302,0.22285784780979156,-0.6756775379180908,-0.24172556400299072,0.16826984286308289,-0.6023333072662354,-0.3430001139640808,0.10580801963806152,-0.4023987948894501,-0.3342272937297821,0.06769873201847076,-0.282171368598938,-0.30299490690231323
scissors,0.0,0.0,0.0,-0.14410635828971863,-0.015501946210861206,-0.18036425113677979,-0.300708144903183,-0.10469602793455124,-0.30946195125579834,-0.32440003752708435,-0.23782743513584137,-0.4162142872810364,-0.25597211718559265,-0.40707075595855713,-0.5013845562934875,-0.337614506483078,-0.6831083297729492,-0.20564095675945282,-0.3932875990867615,-0.7711090445518494,-0.40523773431777954,-0.34222733974456787,-0.575650691986084,-0.536405622959137,-0.27640119194984436,-0.42171525955200195,-0.6075505018234253,-0.15975327789783478,-0.8046385049819946,-0.1984366476535797,-0.1623581349849701,-0.9046140909194946,-0.3940979242324829,-0.13131171464920044,-0.7420216798782349,-0.47797325253486633,-0.11915919929742813,-0.7101413607597351,-0.5060862898826599,0.015679005533456802,-0.8135038614273071,-0.2138005793094635,0.1048344299197197,-0.8165604472160339,-0.38569989800453186,0.09765889495611191,-0.5181401371955872,-0.37141427397727966,0.049773700535297394,-0.4164038598537445,-0.3316367566585541,0.18532554805278778,-0.7462123036384583,-0.24739837646484375,0.27373525500297546,-0.6092946529388428,-0.36875119805336,0.2323235273361206,-0.39334172010421753,-0.358877032995224,0.16363002359867096,-0.35042306780815125,-0.32696259021759033
scissors,0.0,0.0,0.0,-0.13714689016342163,0.015612608753144741,-0.21046361327171326,-0.289680153131485,-0.062047701328992844,-0.3566400408744812,-0.2992684245109558,-0.19093620777130127,-0.47079965472221375,-0.27482783794403076,-0.3851841986179352,-0.5566845536231995,-0.3976075351238251,-0.7571592330932617,-0.24929267168045044,-0.4353618621826172,-0.7726012468338013,-0.4583236575126648,-0.3546741306781769,-0.5393764972686768,-0.5893605351448059,-0.27205637097358704,-0.3741338551044464,-0.6607420444488525,-0.20974184572696686,-0.910763144493103,-0.23189188539981842,-0.11656427383422852,-0.8923884630203247,-0.4359535872936249,-0.07436607033014297,-0.6639973521232605,-0.5160748958587646,-0.0732615739107132,-0.6333042979240417,-0.5436374545097351,-0.022988157346844673,-0.9203499555587769,-0.23824681341648102,0.15535658597946167,-0.781272828578949,-0.41515809297561646,0.12046324461698532,-0.456450492143631,-0.39776426553726196,0.0415717288851738,-0.38985520601272583,-0.3607904314994812,0.16459274291992188,-0.8408311009407043,-0.26555368304252625,0.3060438632965088,-0.6166361570358276,-0.3939996659755707,0.25036171078681946,-0.38224586844444275,-0.3853318691253662,0.1547539383172989,-0.3592802882194519,-0.3549914062023163
scissors,0.0,0.0,0.0,-0.1462908238172531,0.0424325130879879,-0.22349797189235687,-0.30592307448387146,-0.019042083993554115,-0.3874501585960388,-0.24089308083057404,-0.13437263667583466,-0.5158694982528687,-0.13005907833576202,-0.2791435122489929,-0.6192021369934082,-0.43837499618530273,-0.7101490497589111,-0.3060399293899536,-0.38268736004829407,-0.6873599886894226,-0.5098815560340881,-0.2741088569164276,-0.43353280425071716,-0.6384602785110474,-0.18666799366474152,-0.2785426080226898,-0.7158279418945312,-0.2609083950519562,-0.9005463719367981,-0.2813473641872406,-0.04438619315624237,-0.8773850202560425,-0.47772929072380066,0.05303092673420906,-0.6059259176254272,-0.5561004281044006,0.0712561085820198,-0.5452646017074585,-0.5899708867073059,-0.07095248997211456,-0.9471033811569214,-0.27541083097457886,0.21203379333019257,-0.7804152369499207,-0.4296848773956299,0.21367977559566498,-0.47925594449043274,-0.41376930475234985,0.13443318009376526,-0.425984650850296,-0.3885238468647003,0.1255173534154892,-0.9046676754951477,-0.2922661602497101,0.34527552127838135,-0.7468253374099731,-0.3946967124938965,0.33198195695877075,-0.5056284070014954,-0.37778836488723755,0.2455003261566162,-0.4631534218788147,-0.35062146186828613
scissors,0.0,0.0,0.0,-0.16952849924564362,0.03900955617427826,-0.2560291588306427,-0.31105369329452515,-0.016895880922675133,-0.43298810720443726,-0.16281603276729584,-0.0952247679233551,-0.5663334131240845,0.006374616641551256,-0.1932012140750885,-0.6760439276695251,-0.45348498225212097,-0.7313306927680969,-0.3537408113479614,-0.3035987317562103,-0.5632169842720032,-0.5513433814048767,-0.17600475251674652,-0.3786701261997223,-0.6788204312324524,-0.07341844588518143,-0.30856966972351074,-0.7608437538146973,-0.2443680465221405,-0.9126589894294739,-0.31261539459228516,0.04001923277974129,-0.7865691184997559,-0.49142706394195557,0.12640568614006042,-0.6277353763580322,-0.5693681240081787,0.14655373990535736,-0.6637703776359558,-0.6175087094306946,-0.036066681146621704,-0.9566784501075745,-0.28890401124954224,0.2587803900241852,-0.7062828540802002,-0.4311787486076355,0.21702301502227783,-0.43187180161476135,-0.41864168643951416,0.11413661390542984,-0.39523446559906006,-0.4037574231624603,0.15547384321689606,-0.906637966632843,-0.29163858294487,0.3667466342449188,-0.7014771699905396,-0.38609936833381653,0.33143892884254456,-0.481961190700531,-0.36664295196533203,0.24392226338386536,-0.453008234500885,-0.34141984581947327
scissors,0.0,0.0,0.0,-0.15565666556358337,0.06023715063929558,-0.2517889142036438,-0.2789301872253418,0.0060802907682955265,-0.43327754735946655,-0.1511184126138687,-0.13422301411628723,-0.56643146276474,-0.03164386749267578,-0.30533653497695923,-0.6705852150917053,-0.3874035179615021,-0.5814114212989807,-0.41649362444877625,-0.3833983838558197,-0.6599690318107605,-0.6461009979248047,-0.2636350989341736,-0.5187650918960571,-0.7722547650337219,-0.15888336300849915,-0.37885838747024536,-0.842562735080719,-0.20180460810661316,-0.8083778023719788,-0.37849363684654236,0.00791498925536871,-0.7693707346916199,-0.6077834963798523,0.10839938372373581,-0.5346664190292358,-0.6857132315635681,0.1313968151807785,-0.4738856554031372,-0.7132214903831482,-0.0033928214106708765,-0.8617427349090576,-0.3541860580444336,0.23009739816188812,-0.5471379160881042,-0.5368791818618774,0.17793482542037964,-0.24442273378372192,-0.5117648243904114,0.06723761558532715,-0.1972746104001999,-0.4773426353931427,0.1883302927017212,-0.803604245185852,-0.3534083664417267,0.3494749665260315,-0.48208722472190857,-0.4923975169658661,0.2989274859428406,-0.24106906354427338,-0.47606977820396423,0.20233730971813202,-0.21641695499420166,-0.4417889416217804
scissors,0.0,0.0,0.0,-0.10689030587673187,0.038039449602365494,-0.16430489718914032,-0.19648325443267822,0.0007244983571581542,-0.28228139877319336,-0.0953470915555954,-0.09904635697603226,-0.378623366355896,0.03704036772251129,-0.2044364959001541,-0.4678416848182678,-0.25753894448280334,-0.3859988749027252,-0.23216436803340912,-0.29749250411987305,-0.4667719900608063,-0.3759894371032715,-0.3036523163318634,-0.5435425043106079,-0.46610039472579956,-0.2875003218650818,-0.6356579065322876,-0.5238653421401978,-0.12253255397081375,-0.5306692719459534,-0.21942856907844543,-0.08151695877313614,-0.7259334921836853,-0.36201903223991394,-0.03669004887342453,-0.7889363169670105,-0.4204212427139282,0.002592286327853799,-0.8966739177703857,-0.44268402457237244,0.01410748716443777,-0.574420690536499,-0.2197825014591217,0.1363554298877716,-0.5497704148292542,-0.36949965357780457,0.09867460280656815,-0.3009095788002014,-0.3659290373325348,0.043619297444820404,-0.19553640484809875,-0.3311184346675873,0.15343907475471497,-0.5371845960617065,-0.23378820717334747,0.2479184865951538,-0.46010106801986694,-0.3414657413959503,0.20525886118412018,-0.28370559215545654,-0.33381760120391846,0.14626359939575195,-0.2127874195575714,-0.3051147758960724
scissors,0.0,0.0,0.0,-0.10876552760601044,0.04101991653442383,-0.1503988653421402,-0.19243676960468292,-0.008897763676941395,-0.2546795904636383,-0.08048974722623825,-0.1102229431271553,-0.3386680483818054,0.04588175565004349,-0.21287786960601807,-0.41603317856788635,-0.2273046225309372,-0.3764971196651459,-0.21300049126148224,-0.2747037410736084,-0.48797982931137085,-0.32605934143066406,-0.3024500906467438,-0.5615460276603699,-0.39612507820129395,-0.3168674409389496,-0.6536092758178711,-0.4445682764053345,-0.0955839678645134,-0.5001575946807861,-0.20200122892856598,-0.06561391800642014,-0.7137010097503662,-0.308647096157074,-0.021642550826072693,-0.8001579642295837,-0.35425928235054016,0.014467572793364525,-0.9262146949768066,-0.37671878933906555,0.03266487643122673,-0.515331506729126,-0.20225729048252106,0.13038313388824463,-0.5241113305091858,-0.3199300765991211,0.10264068096876144,-0.3175390958786011,-0.31901976466178894,0.05841820314526558,-0.22558021545410156,-0.29635822772979736,0.1580432802438736,-0.46233895421028137,-0.21535524725914001,0.23264536261558533,-0.4132060110569,-0.3086026906967163,0.19560207426548004,-0.25997501611709595,-0.3054911494255066,0.141285240650177,-0.18615834414958954,-0.28653931617736816
scissors,0.0,0.0,0.0,-0.09606436640024185,0.030727431178092957,-0.1336270123720169,-0.15909753739833832,-0.030949730426073074,-0.2206026017665863,-0.05987655371427536,-0.11662813276052475,-0.29172390699386597,0.054126158356666565,-0.19335013628005981,-0.3589785099029541,-0.1922963559627533,-0.3528386950492859,-0.18018648028373718,-0.2383689135313034,-0.4772914946079254,-0.2767000198364258,-0.27636203169822693,-0.559725284576416,-0.3367690145969391,-0.30720216035842896,-0.6551308035850525,-0.3779526948928833,-0.07660932093858719,-0.44665536284446716,-0.17238612473011017,-0.04557272046804428,-0.662977933883667,-0.26787781715393066,-0.009594169445335865,-0.7944745421409607,-0.3171946108341217,0.014098461717367172,-0.9388576149940491,-0.3440167009830475,0.03142264112830162,-0.442864328622818,-0.174581840634346,0.11685848236083984,-0.504446268081665,-0.29719582200050354,0.1224459707736969,-0.3176894187927246,-0.3130861818790436,0.10292460024356842,-0.19683784246444702,-0.2973601520061493,0.13325710594654083,-0.3839510679244995,-0.186396986246109,0.20159995555877686,-0.37476930022239685,-0.29602083563804626,0.1879008561372757,-0.22218897938728333,-0.3080193102359772,0.15376371145248413,-0.11285485327243805,-0.29585781693458557
scissors,0.0,0.0,0.0,-0.09729979932308197,0.023177389055490494,-0.12739986181259155,-0.16253718733787537,-0.044082894921302795,-0.2103262096643448,-0.06021648272871971,-0.13244415819644928,-0.2787100672721863,0.045197147876024246,-0.2215360403060913,-0.3427325189113617,-0.1950739175081253,-0.3858617842197418,-0.1626468449831009,-0.24295727908611298,-0.5082748532295227,-0.2532440721988678,-0.2792116701602936,-0.5890140533447266,-0.3094007074832916,-0.3059070110321045,-0.6790358424186707,-0.34756284952163696,-0.07995844632387161,-0.48275065422058105,-0.15541648864746094,-0.049925122410058975,-0.6914716362953186,-0.24368423223495483,-0.011621367186307907,-0.8162125945091248,-0.2887802720069885,0.017884118482470512,-0.9496029019355774,-0.3129449188709259,0.02579515427350998,-0.4832252562046051,-0.158927783370018,0.11806250363588333,-0.5252522826194763,-0.27580714225769043,0.1270739883184433,-0.33568429946899414,-0.29348617792129517,0.1116713136434555,-0.21420438587665558,-0.28048378229141235,0.12898056209087372,-0.42719733715057373,-0.17178186774253845,0.2001497447490692,-0.3919958174228668,-0.2780858278274536,0.18359704315662384,-0.226638063788414,-0.292268842458725,0.14553889632225037,-0.11169947683811188,-0.2826640009880066
scissors,0.0,0.0,0.0,-0.09672954678535461,0.0051580085419118404,-0.11416115611791611,-0.14966550469398499,-0.06295299530029297,-0.19179531931877136,-0.03179293870925903,-0.1058172881603241,-0.2593792974948883,0.10022810846567154,-0.14454297721385956,-0.3233973979949951,-0.15319640934467316,-0.36727723479270935,-0.15344710648059845,-0.20617443323135376,-0.4838542938232422,-0.24006551504135132,-0.244021475315094,-0.5564752817153931,-0.2923412621021271,-0.27084723114967346,-0.636553168296814,-0.32432428002357483,-0.033039238303899765,-0.4563750624656677,-0.15005892515182495,0.014493810012936592,-0.6807152628898621,-0.22764822840690613,0.06234987825155258,-0.8196015357971191,-0.2659541964530945,0.10023897886276245,-0.9535644054412842,-0.2840195894241333,0.07211999595165253,-0.4487293064594269,-0.15613289177417755,0.18342432379722595,-0.4671986401081085,-0.263152539730072,0.18156830966472626,-0.2931916415691376,-0.2805090844631195,0.15339811146259308,-0.16625823080539703,-0.26478347182273865,0.16649456322193146,-0.3837134540081024,-0.17044782638549805,0.25208351016044617,-0.3362370431423187,-0.2617703974246979,0.23438097536563873,-0.19077737629413605,-0.26711875200271606,0.19425418972969055,-0.07292768359184265,-0.25046712160110474
scissors,0.0,0.0,0.0,-0.11265294253826141,0.030936498194932938,-0.12758389115333557,-0.1664193570613861,-0.0057180337607860565,-0.21089883148670197,-0.04939564689993858,-0.01900992915034294,-0.28003859519958496,0.09052374958992004,-0.03437582403421402,-0.34776633977890015,-0.14459308981895447,-0.30779892206192017,-0.1784418821334839,-0.18733437359333038,-0.45335283875465393,-0.2583221197128296,-0.21519964933395386,-0.5470668077468872,-0.2989448010921478,-0.22449041903018951,-0.64200359582901,-0.3232387602329254,-0.007530718110501766,-0.39013898372650146,-0.17064981162548065,0.05452312156558037,-0.6555959582328796,-0.24354790151119232,0.10864967852830887,-0.8087007403373718,-0.27541568875312805,0.14947637915611267,-0.9456884860992432,-0.288669615983963,0.103066585958004,-0.3737936019897461,-0.17153671383857727,0.21743154525756836,-0.39080238342285156,-0.28469228744506836,0.2062212973833084,-0.22169949114322662,-0.30842018127441406,0.17206700146198273,-0.09403804689645767,-0.29453930258750916,0.19423536956310272,-0.3000127077102661,-0.17948833107948303,0.2801707983016968,-0.2386014610528946,-0.27797940373420715,0.26396068930625916,-0.08759267628192902,-0.28575149178504944,0.2237875610589981,0.0331781804561615,-0.2703428864479065
scissors,0.0,0.0,0.0,-0.10031459480524063,0.014138366095721722,-0.14750920236110687,-0.13271644711494446,-0.038987915962934494,-0.2417232245206833,-0.012754259631037712,-0.0618533119559288,-0.31676408648490906,0.10447265207767487,-0.07447190582752228,-0.38890570402145386,-0.09238098561763763,-0.3580232858657837,-0.20531941950321198,-0.11359095573425293,-0.5009689927101135,-0.2979263365268707,-0.12371659278869629,-0.5998139977455139,-0.3497501015663147,-0.11607636511325836,-0.6969174146652222,-0.3797646462917328,0.04428534582257271,-0.4201340079307556,-0.1855027675628662,0.1429605334997177,-0.64837646484375,-0.2702782154083252,0.21495307981967926,-0.785621702671051,-0.3068174123764038,0.26804792881011963,-0.9082282185554504,-0.3213593065738678,0.14525195956230164,-0.3981248736381531,-0.17576521635055542,0.2751334309577942,-0.38409075140953064,-0.29049891233444214,0.2605980634689331,-0.2190561443567276,-0.31211015582084656,0.21814851462841034,-0.1000157818198204,-0.29652443528175354,0.226511150598526,-0.32009467482566833,-0.17540811002254486,0.32742369174957275,-0.2694595456123352,-0.2692262828350067,0.30722227692604065,-0.12660475075244904,-0.2744646370410919,0.25750231742858887,-0.011174065060913563,-0.25688636302948
scissors,0.0,0.0,0.0,-0.12197966128587723,-0.001290436601266265,-0.1761663258075714,-0.16089877486228943,-0.06810262799263,-0.3009430468082428,-0.07443788647651672,-0.06275353580713272,-0.4058041572570801,0.028784269466996193,-0.04723522067070007,-0.5056400299072266,-0.010906809009611607,-0.465097576379776,-0.2316650152206421,0.1496785283088684,-0.5599011182785034,-0.3791206181049347,0.28210219740867615,-0.6344906091690063,-0.47862452268600464,0.4109339714050293,-0.7290642261505127,-0.5473560094833374,0.11885444819927216,-0.46269357204437256,-0.21458055078983307,0.2649921476840973,-0.42398834228515625,-0.3891911208629608,0.24919967353343964,-0.37660375237464905,-0.4555357098579407,0.2314424216747284,-0.43356409668922424,-0.4801882803440094,0.22012031078338623,-0.3989957869052887,-0.21213304996490479,0.32405778765678406,-0.21908633410930634,-0.36886465549468994,0.17999756336212158,-0.04983246698975563,-0.3503952920436859,0.06532589346170425,-0.02977207489311695,-0.30916574597358704,0.28825896978378296,-0.28481408953666687,-0.2266412079334259,0.3666241765022278,-0.11310316622257233,-0.338795930147171,0.2639175355434418,0.02651716209948063,-0.3241804540157318,0.17530940473079681,0.05013411492109299,-0.29080358147621155
scissors,0.0,0.0,0.0,-0.13227587938308716,-0.033215370029211044,-0.12159948796033859,-0.21567349135875702,-0.09469062089920044,-0.22086802124977112,-0.15436884760856628,-0.07449781894683838,-0.31036576628685,-0.039702605456113815,-0.053422387689352036,-0.3979581594467163,-0.13936595618724823,-0.4303200840950012,-0.2142748087644577,-0.21734438836574554,-0.5966243743896484,-0.3272329866886139,-0.29141995310783386,-0.7167757749557495,-0.40376296639442444,-0.33956652879714966,-0.8200640082359314,-0.46064043045043945,0.021280812099575996,-0.44880813360214233,-0.2247050404548645,0.09906898438930511,-0.5675218105316162,-0.36685702204704285,0.17429335415363312,-0.6037692427635193,-0.4399173855781555,0.24578091502189636,-0.6311797499656677,-0.47047334909439087,0.15627506375312805,-0.37814420461654663,-0.23717215657234192,0.16093230247497559,-0.20322564244270325,-0.35420888662338257,0.07085145264863968,-0.012567642144858837,-0.345857173204422,0.011373158544301987,0.06267638504505157,-0.3166353404521942,0.2589450478553772,-0.2597145438194275,-0.2619396150112152,0.22527050971984863,-0.08987849950790405,-0.34111377596855164,0.14296302199363708,0.045037705451250076,-0.3143339455127716,0.09391506761312485,0.1034884825348854,-0.27593812346458435
scissors,0.0,0.0,0.0,-0.10867012292146683,-0.05521062761545181,-0.10005956888198853,-0.20999707281589508,-0.12489476799964905,-0.19234693050384521,-0.2011140137910843,-0.11573347449302673,-0.27570095658302307,-0.12452924251556396,-0.09644460678100586,-0.35648277401924133,-0.11626699566841125,-0.4372515380382538,-0.19464662671089172,-0.18286290764808655,-0.6275462508201599,-0.3070388436317444,-0.24743762612342834,-0.7437841892242432,-0.38124221563339233,-0.2910693883895874,-0.8520439863204956,-0.43508583307266235,0.02912503108382225,-0.4491049349308014,-0.20544372498989105,0.070545993745327,-0.533562183380127,-0.3261774182319641,0.10837343335151672,-0.5624991655349731,-0.379894495010376,0.1503041684627533,-0.6146054863929749,-0.4053814709186554,0.14541471004486084,-0.38101106882095337,-0.22023504972457886,0.11919619143009186,-0.22338825464248657,-0.3181043267250061,0.03417959064245224,-0.09056749194860458,-0.30804967880249023,-0.011835991404950619,-0.057784851640462875,-0.2885897159576416,0.2323385626077652,-0.2708247900009155,-0.24678833782672882,0.17575840651988983,-0.08079198002815247,-0.3199199140071869,0.08978738635778427,0.034924086183309555,-0.3052296042442322,0.03881245106458664,0.06715817749500275,-0.2818719148635864
scissors,0.0,0.0,0.0,-0.08164082467556,-0.08802981674671173,-0.06798668950796127,-0.18007361888885498,-0.19896300137043,-0.1283920258283615,-0.22523543238639832,-0.24746201932430267,-0.1876039206981659,-0.18069304525852203,-0.2319820672273636,-0.24566669762134552,-0.09133916348218918,-0.4830241799354553,-0.1276753842830658,-0.13737912476062775,-0.6885941028594971,-0.20874910056591034,-0.18257351219654083,-0.8155388236045837,-0.25770872831344604,-0.21065936982631683,-0.9324214458465576,-0.29362034797668457,0.03499040752649307,-0.46609458327293396,-0.14448893070220947,0.02326808124780655,-0.5569269061088562,-0.23405763506889343,0.02199736423790455,-0.5963536500930786,-0.26881879568099976,0.03617921099066734,-0.6608271598815918,-0.2811373472213745,0.13885167241096497,-0.3772343099117279,-0.16494756937026978,0.03454968333244324,-0.2831835150718689,-0.24894140660762787,-0.03734913095831871,-0.1518128514289856,-0.23844078183174133,-0.05645332857966423,-0.09310773015022278,-0.21436646580696106,0.21609584987163544,-0.24768981337547302,-0.19352243840694427,0.09901729226112366,-0.12479611486196518,-0.25104740262031555,0.020813751965761185,-0.024786662310361862,-0.23563876748085022,-0.003979992121458054,0.016720687970519066,-0.2123315930366516
scissors,0.0,0.0,0.0,-0.06955838948488235,-0.1254081279039383,-0.047331538051366806,-0.13902384042739868,-0.26254624128341675,-0.09236645698547363,-0.19821502268314362,-0.3230036199092865,-0.1419592946767807,-0.18949708342552185,-0.31111833453178406,-0.19047605991363525,-0.05888761207461357,-0.5017899870872498,-0.08438055217266083,-0.09423240274190903,-0.7140492796897888,-0.15529435873031616,-0.12751327455043793,-0.849376380443573,-0.19609008729457855,-0.14396262168884277,-0.9640599489212036,-0.22330081462860107,0.050393763929605484,-0.46692585945129395,-0.10632970184087753,0.029596982523798943,-0.574967086315155,-0.19094879925251007,0.01917637325823307,-0.6354907155036926,-0.22748571634292603,0.02324032038450241,-0.6980648040771484,-0.2391560822725296,0.13527221977710724,-0.3746326267719269,-0.1316155344247818,0.00021790603932458907,-0.3298858106136322,-0.21243393421173096,-0.06854939460754395,-0.22128573060035706,-0.21029919385910034,-0.08558858186006546,-0.15909512341022491,-0.18892726302146912,0.1891176700592041,-0.25011447072029114,-0.1625710129737854,0.04200609028339386,-0.17167983949184418,-0.20793059468269348,-0.03459813818335533,-0.09590750187635422,-0.19361715018749237,-0.05761072784662247,-0.055246658623218536,-0.17170007526874542
scissors,0.0,0.0,0.0,-0.08326392620801926,-0.17971602082252502,-0.02978069894015789,-0.14913199841976166,-0.33401861786842346,-0.07499220222234726,-0.21659594774246216,-0.385572612285614,-0.12801305949687958,-0.24092012643814087,-0.376264363527298,-0.18047456443309784,-0.03156233951449394,-0.5171908736228943,-0.08463618159294128,-0.06563887745141983,-0.7243117094039917,-0.15560570359230042,-0.09368419647216797,-0.8533141016960144,-0.19893711805343628,-0.11133432388305664,-0.9669704437255859,-0.2292873114347458,0.04206382855772972,-0.45393675565719604,-0.11894629150629044,-0.009233390912413597,-0.5558267831802368,-0.20746001601219177,-0.034276217222213745,-0.6327450275421143,-0.24815185368061066,-0.04908166825771332,-0.7146897315979004,-0.26835331320762634,0.08383248001337051,-0.3472468852996826,-0.15446968376636505,-0.08648519963026047,-0.36284178495407104,-0.24059757590293884,-0.14592191576957703,-0.2780579924583435,-0.2427120953798294,-0.15900763869285583,-0.2256937175989151,-0.2273508757352829,0.09060510993003845,-0.21812815964221954,-0.19352805614471436,-0.07150379568338394,-0.21166788041591644,-0.24718894064426422,-0.15011437237262726,-0.1609065979719162,-0.23905666172504425,-0.17891769111156464,-0.12563103437423706,-0.22349423170089722
scissors,0.0,0.0,0.0,-0.05198089778423309,-0.20986643433570862,-0.005266128107905388,-0.09772944450378418,-0.3722175657749176,-0.045124124735593796,-0.17100845277309418,-0.4417521357536316,-0.09342360496520996,-0.2241523414850235,-0.44450366497039795,-0.1431547999382019,0.020597632974386215,-0.5099538564682007,-0.09294843673706055,-0.00847416091710329,-0.7175294756889343,-0.168374165892601,-0.03380965813994408,-0.8496695160865784,-0.21556726098060608,-0.04990828037261963,-0.9676148891448975,-0.24744832515716553,0.05619773268699646,-0.44014185667037964,-0.13141222298145294,-0.018612001091241837,-0.58217453956604,-0.21655675768852234,-0.0613211989402771,-0.6826070547103882,-0.25187423825263977,-0.09013185650110245,-0.7740371227264404,-0.2729734480381012,0.06017341837286949,-0.34329870343208313,-0.16725009679794312,-0.11376212537288666,-0.4126388132572174,-0.2420092523097992,-0.16202634572982788,-0.33141374588012695,-0.2336498200893402,-0.1620684266090393,-0.2623734772205353,-0.21483616530895233,0.03473184257745743,-0.23412857949733734,-0.2046356499195099,-0.11938752233982086,-0.27913883328437805,-0.2497890144586563,-0.1816505342721939,-0.24310892820358276,-0.23985496163368225,-0.19499355554580688,-0.2042742818593979,-0.22554445266723633
scissors,0.0,0.0,0.0,-0.032572224736213684,-0.21372093260288239,0.017385682091116905,-0.06504616141319275,-0.40993860363960266,-0.004086900502443314,-0.13423995673656464,-0.5249150395393372,-0.03673793375492096,-0.19246982038021088,-0.5341862440109253,-0.06915885955095291,0.0594666562974453,-0.5315114259719849,-0.04857601597905159,0.033052556216716766,-0.7449747920036316,-0.10090143978595734,0.023425204679369926,-0.8762775659561157,-0.13627412915229797,0.016219399869441986,-0.9864640831947327,-0.16317343711853027,0.0629509687423706,-0.4669220447540283,-0.08915075659751892,-0.021953048184514046,-0.6725946664810181,-0.14987170696258545,-0.06929456442594528,-0.8108949065208435,-0.18546678125858307,-0.10265523940324783,-0.9178426265716553,-0.2134912610054016,0.03223774954676628,-0.3863831162452698,-0.12479159235954285,-0.13474978506565094,-0.5459662675857544,-0.17189526557922363,-0.18259964883327484,-0.46962451934814453,-0.15745066106319427,-0.17979256808757782,-0.3926934003829956,-0.14051157236099243,-0.018043434247374535,-0.30434250831604004,-0.16074198484420776,-0.17985422909259796,-0.4031330645084381,-0.18857842683792114,-0.22479425370693207,-0.3570190668106079,-0.17668506503105164,-0.2202952355146408,-0.30497997999191284,-0.1640920341014862
scissors,0.0,0.0,0.0,0.03851557895541191,-0.19782567024230957,0.021006809547543526,0.027821766212582588,-0.3965533673763275,0.0033824038691818714,-0.04367600381374359,-0.527377188205719,-0.022709934040904045,-0.11484793573617935,-0.5758028626441956,-0.05057426169514656,0.09120457619428635,-0.4957599341869354,-0.05532112345099449,0.06712222099304199,-0.734719455242157,-0.10305673629045486,0.0679268091917038,-0.8718700408935547,-0.13174834847450256,0.07286188751459122,-0.9858725070953369,-0.1508193165063858,0.05708826705813408,-0.44782745838165283,-0.08860219269990921,-0.03465820476412773,-0.6853534579277039,-0.13927631080150604,-0.08697487413883209,-0.8333134055137634,-0.169685497879982,-0.12311964482069016,-0.9513232707977295,-0.19322408735752106,-0.0010342646855860949,-0.38737642765045166,-0.11428587138652802,-0.15059778094291687,-0.5756481885910034,-0.15321823954582214,-0.18345223367214203,-0.49562111496925354,-0.14046522974967957,-0.17547430098056793,-0.4186813235282898,-0.12478933483362198,-0.0682746097445488,-0.3253949284553528,-0.13848106563091278,-0.209323912858963,-0.44206181168556213,-0.1627921164035797,-0.23280154168605804,-0.38844433426856995,-0.1498240977525711,-0.2171856313943863,-0.3337467610836029,-0.1343585103750229
scissors,0.0,0.0,0.0,0.05414025858044624,-0.1974332481622696,0.02993837185204029,0.04903076961636543,-0.39686325192451477,0.017786040902137756,-0.015975190326571465,-0.5149328708648682,-0.0021779630333185196,-0.09179122745990753,-0.5618439316749573,-0.025676632300019264,0.09584647417068481,-0.48583096265792847,-0.05485107749700546,0.0893343836069107,-0.7307460904121399,-0.09727219492197037,0.09531035274267197,-0.8712893128395081,-0.12169867008924484,0.10291028022766113,-0.9848894476890564,-0.13568174839019775,0.02620895579457283,-0.44861578941345215,-0.08732844144105911,-0.06522490829229355,-0.7085317373275757,-0.1244027316570282,-0.12086647748947144,-0.8588055968284607,-0.14426583051681519,-0.16125866770744324,-0.9736022353172302,-0.1615372747182846,-0.054043322801589966,-0.39655154943466187,-0.11034423112869263,-0.17028756439685822,-0.6012148261070251,-0.13454367220401764,-0.1641034185886383,-0.5241376757621765,-0.11190874129533768,-0.1373581737279892,-0.4495110511779785,-0.09174899011850357,-0.13063211739063263,-0.3382181227207184,-0.13075801730155945,-0.22238798439502716,-0.470773845911026,-0.14147554337978363,-0.20745401084423065,-0.41166892647743225,-0.11410018801689148,-0.17355574667453766,-0.3572918772697449,-0.08881617337465286
scissors,0.0,0.0,0.0,0.07340635359287262,-0.18324878811836243,0.026253100484609604,0.06382931023836136,-0.36279794573783875,0.010320521891117096,-0.01758977584540844,-0.4422759711742401,-0.011973956599831581,-0.10171842575073242,-0.4704146683216095,-0.03838573768734932,0.0910874679684639,-0.44101443886756897,-0.06914936751127243,0.11459276080131531,-0.6920307874679565,-0.11475949734449387,0.1310959905385971,-0.8376137018203735,-0.13945715129375458,0.14524373412132263,-0.9514952301979065,-0.15116006135940552,-0.00419877003878355,-0.4304642081260681,-0.09455796331167221,-0.0692075863480568,-0.7051355838775635,-0.1266511231660843,-0.11590621620416641,-0.858260989189148,-0.13928578794002533,-0.15698504447937012,-0.9761756658554077,-0.14978882670402527,-0.094117671251297,-0.3958875238895416,-0.10958956182003021,-0.16230124235153198,-0.5958400368690491,-0.12638776004314423,-0.1355046033859253,-0.5220381021499634,-0.10242287069559097,-0.11168011277914047,-0.44710105657577515,-0.08103176951408386,-0.1672186553478241,-0.34815073013305664,-0.12196964025497437,-0.20328408479690552,-0.46193867921829224,-0.1234617754817009,-0.17558708786964417,-0.4084777235984802,-0.09185421466827393,-0.1471039205789566,-0.3597019612789154,-0.06341768056154251
scissors,0.0,0.0,0.0,0.07224555313587189,-0.188734769821167,0.028337419033050537,0.05804033949971199,-0.3713180124759674,0.01591782085597515,-0.023067215457558632,-0.45347586274147034,-0.003200130769982934,-0.10841106623411179,-0.48165714740753174,-0.026646535843610764,0.08054152876138687,-0.4568384885787964,-0.06011354923248291,0.09525389969348907,-0.7123763561248779,-0.09984644502401352,0.10710027813911438,-0.8599361777305603,-0.12055409699678421,0.11622647941112518,-0.9735645651817322,-0.12955984473228455,-0.016431542113423347,-0.4445718824863434,-0.08531838655471802,-0.08654451370239258,-0.7179136872291565,-0.11138796806335449,-0.1357440948486328,-0.8654903769493103,-0.12056487053632736,-0.17891085147857666,-0.9754503965377808,-0.12840323150157928,-0.10636379569768906,-0.4061083495616913,-0.10043787211179733,-0.1802639663219452,-0.6025767922401428,-0.114212267100811,-0.15174178779125214,-0.5294820070266724,-0.09227241575717926,-0.126225084066391,-0.4544741213321686,-0.07266385853290558,-0.17863497138023376,-0.3533015847206116,-0.11264589428901672,-0.2153661847114563,-0.4617196321487427,-0.11362329870462418,-0.18641957640647888,-0.4069492816925049,-0.08372075855731964,-0.15850964188575745,-0.3565595746040344,-0.05646081641316414
scissors,0.0,0.0,0.0,-0.11324525624513626,-0.1802566647529602,-0.009707825258374214,-0.16087555885314941,-0.3363925516605377,-0.03785180300474167,-0.19963110983371735,-0.4430634081363678,-0.07973068952560425,-0.2295847237110138,-0.4857131838798523,-0.11859104037284851,-0.010904872789978981,-0.54014652967453,-0.020360315218567848,-0.034735385328531265,-0.72258061170578,-0.07684745639562607,-0.05196245014667511,-0.8580353260040283,-0.11535632610321045,-0.06288803368806839,-0.9614447951316833,-0.14274592697620392,0.04357556253671646,-0.504716157913208,-0.06061730906367302,-0.00856810249388218,-0.7110937237739563,-0.1364712119102478,-0.0449429526925087,-0.8598833680152893,-0.18594297766685486,-0.06802806258201599,-0.9745269417762756,-0.2137041538953781,0.0643424391746521,-0.4330359101295471,-0.10275009274482727,-0.08523775637149811,-0.5443108081817627,-0.17936456203460693,-0.1364828497171402,-0.43837568163871765,-0.17019647359848022,-0.14204828441143036,-0.3516930341720581,-0.14418481290340424,0.049622174352407455,-0.3397987484931946,-0.14805135130882263,-0.11144144833087921,-0.3820759057998657,-0.19583997130393982,-0.16671806573867798,-0.31293582916259766,-0.18261247873306274,-0.17689156532287598,-0.2531096041202545,-0.16095830500125885
scissors,0.0,0.0,0.0,-0.09282590448856354,-0.12290307134389877,-0.041439238935709,-0.15451273322105408,-0.3100588023662567,-0.07104002684354782,-0.09759221971035004,-0.38663122057914734,-0.10566945374011993,0.006110083311796188,-0.3738636374473572,-0.13935883343219757,-0.027159806340932846,-0.5197159051895142,-0.0512174628674984,-0.055698469281196594,-0.7205666303634644,-0.10090083628892899,-0.07486298680305481,-0.8396196365356445,-0.1295630931854248,-0.08752614259719849,-0.9499378800392151,-0.14873825013637543,0.06731617450714111,-0.4973084628582001,-0.07162074744701385,0.1090308278799057,-0.7248547077178955,-0.12030532956123352,0.13981305062770844,-0.8589004874229431,-0.14647522568702698,0.17261849343776703,-0.9723062515258789,-0.1575545370578766,0.14102163910865784,-0.41921266913414,-0.09707770496606827,0.1324484944343567,-0.5314194560050964,-0.17459753155708313,0.05822638049721718,-0.40520673990249634,-0.18533757328987122,0.011986532248556614,-0.2942922115325928,-0.16896285116672516,0.19584526121616364,-0.30759838223457336,-0.12565478682518005,0.1460869312286377,-0.3372463583946228,-0.19138683378696442,0.06955740600824356,-0.2444339245557785,-0.19247573614120483,0.02284845896065235,-0.15935669839382172,-0.17675606906414032
scissors,0.0,0.0,0.0,-0.08016405999660492,-0.10630476474761963,-0.07667537778615952,-0.09053454548120499,-0.2524005174636841,-0.12457486242055893,0.022822033613920212,-0.31710192561149597,-0.17002864181995392,0.1292129009962082,-0.35910269618034363,-0.213221475481987,-0.035669803619384766,-0.5211173295974731,-0.08671899139881134,-0.07071185111999512,-0.7079721689224243,-0.14405852556228638,-0.08774644881486893,-0.8237659335136414,-0.17952413856983185,-0.09657976031303406,-0.932738721370697,-0.20464777946472168,0.07445181161165237,-0.5181983113288879,-0.09302370250225067,0.1649819314479828,-0.7234061360359192,-0.15031613409519196,0.24346031248569489,-0.8339806199073792,-0.1825835108757019,0.30838456749916077,-0.9299325942993164,-0.20031028985977173,0.1464507281780243,-0.4439667761325836,-0.10677220672369003,0.22104166448116302,-0.5188642740249634,-0.18968895077705383,0.17221753299236298,-0.3812645673751831,-0.199177086353302,0.12885808944702148,-0.28290554881095886,-0.18557670712471008,0.1966550052165985,-0.3335675895214081,-0.1268831193447113,0.23096375167369843,-0.3317052721977234,-0.20011059939861298,0.17751751840114594,-0.22749300301074982,-0.20345069468021393,0.1269717514514923,-0.14891214668750763,-0.1908295750617981
scissors,0.0,0.0,0.0,-0.08182447403669357,-0.10176940262317657,-0.07680882513523102,-0.09867754578590393,-0.23959968984127045,-0.12653368711471558,0.012423434294760227,-0.27756229043006897,-0.17461268603801727,0.12487192451953888,-0.29981568455696106,-0.22179892659187317,-0.03244879096746445,-0.5241073966026306,-0.09250014275312424,-0.06459274888038635,-0.6994056105613708,-0.14947378635406494,-0.07955842465162277,-0.8033264875411987,-0.18399222195148468,-0.08138026297092438,-0.9010753631591797,-0.2082187980413437,0.08333431929349899,-0.519496738910675,-0.10030864924192429,0.18876264989376068,-0.7134402394294739,-0.15527448058128357,0.27972790598869324,-0.8177401423454285,-0.18921299278736115,0.35937485098838806,-0.9092516899108887,-0.21002636849880219,0.1572582870721817,-0.43691274523735046,-0.11518386751413345,0.2432338148355484,-0.49202460050582886,-0.19914047420024872,0.19281820952892303,-0.35037270188331604,-0.21719032526016235,0.1462978720664978,-0.24789170920848846,-0.21048854291439056,0.20569944381713867,-0.3168465197086334,-0.13571706414222717,0.2353779375553131,-0.29226207733154297,-0.21038654446601868,0.18149273097515106,-0.1890931874513626,-0.21917761862277985,0.12812869250774384,-0.10996740311384201,-0.21174080669879913
scissors,0.0,0.0,0.0,-0.08786948025226593,-0.08464334160089493,-0.0865863561630249,-0.10996823012828827,-0.21376758813858032,-0.14234721660614014,0.0019767936319112778,-0.24905256927013397,-0.19437624514102936,0.11738434433937073,-0.27268102765083313,-0.24412815272808075,-0.043094515800476074,-0.5099835991859436,-0.10143923759460449,-0.0739365667104721,-0.6763842701911926,-0.16309791803359985,-0.08727487921714783,-0.7781965732574463,-0.20033405721187592,-0.08605694770812988,-0.8716405034065247,-0.22566655278205872,0.07772190123796463,-0.5130268335342407,-0.10608633607625961,0.18844060599803925,-0.7044838070869446,-0.16667015850543976,0.2832947373390198,-0.810758113861084,-0.20221292972564697,0.3641375005245209,-0.90451979637146,-0.2219187170267105,0.15535207092761993,-0.43590447306632996,-0.11861090362071991,0.2407030612230301,-0.47760823369026184,-0.20853784680366516,0.19171832501888275,-0.32868102192878723,-0.22611069679260254,0.14405374228954315,-0.2236146330833435,-0.21648173034191132,0.2072930485010147,-0.3183252215385437,-0.13751846551895142,0.2387487292289734,-0.2782474756240845,-0.21810783445835114,0.1828048676252365,-0.16499336063861847,-0.22734493017196655,0.12348278611898422,-0.08212295919656754,-0.21780815720558167
scissors,0.0,0.0,0.0,-0.11331596970558167,-0.04793763533234596,-0.11724744737148285,-0.16678449511528015,-0.1369863748550415,-0.2044779509305954,-0.062258876860141754,-0.13185106217861176,-0.27979734539985657,0.06618513911962509,-0.16198189556598663,-0.34965118765830994,-0.10020977258682251,-0.4320986270904541,-0.16472527384757996,-0.11226601898670197,-0.5398268103599548,-0.26223742961883545,-0.11936723440885544,-0.5942511558532715,-0.31878986954689026,-0.10210175812244415,-0.6457321047782898,-0.35177767276763916,0.0457039549946785,-0.4536624550819397,-0.16404983401298523,0.1800769716501236,-0.6555788516998291,-0.2545280158519745,0.28282779455184937,-0.7583518028259277,-0.2949865460395813,0.37504759430885315,-0.8733744025230408,-0.31073522567749023,0.14844857156276703,-0.39609333872795105,-0.17255310714244843,0.22013099491596222,-0.3303922116756439,-0.2897418737411499,0.14249494671821594,-0.14016731083393097,-0.2924865484237671,0.07708276063203812,-0.04955262690782547,-0.26314231753349304,0.2244226634502411,-0.286508172750473,-0.18891379237174988,0.2243911176919937,-0.16348797082901,-0.2753673195838928,0.15111489593982697,-0.030426476150751114,-0.26331812143325806,0.09033309668302536,0.031554944813251495,-0.2340722233057022
scissors,0.0,0.0,0.0,-0.10761309415102005,0.02039402909576893,-0.1807362288236618,-0.14335887134075165,-0.010335545986890793,-0.30225199460983276,-0.03476286679506302,-0.01942538283765316,-0.3940841257572174,0.09020839631557465,-0.05371374264359474,-0.4787145256996155,-0.04193585366010666,-0.4026389718055725,-0.2731943130493164,0.17436280846595764,-0.4887295961380005,-0.42792925238609314,0.32755985856056213,-0.5673403143882751,-0.5394617915153503,0.45837095379829407,-0.6388574242591858,-0.6178650856018066,0.058657847344875336,-0.47563982009887695,-0.24612019956111908,0.20452938973903656,-0.38081201910972595,-0.42459383606910706,0.2365390956401825,-0.2965357303619385,-0.4911004900932312,0.24685151875019073,-0.2679002583026886,-0.514557957649231,0.1431627720594406,-0.43937650322914124,-0.23102475702762604,0.2549458146095276,-0.16349492967128754,-0.37661975622177124,0.20117342472076416,0.00542022380977869,-0.3540904223918915,0.13229326903820038,0.05514183267951012,-0.31225237250328064,0.21931865811347961,-0.3523602783679962,-0.23452860116958618,0.28984344005584717,-0.10605858266353607,-0.34844017028808594,0.23569418489933014,0.026233883574604988,-0.3370143473148346,0.16900983452796936,0.046303775161504745,-0.30187103152275085
scissors,0.0,0.0,0.0,-0.15530845522880554,0.035935889929533005,-0.2183651179075241,-0.21061301231384277,0.032292574644088745,-0.38907143473625183,-0.0655551627278328,0.11226340383291245,-0.5214816927909851,0.10787297785282135,0.16249677538871765,-0.6390461325645447,-0.09765288233757019,-0.42669790983200073,-0.39950451254844666,-0.11408808082342148,-0.4093967080116272,-0.5786324143409729,-0.10384847223758698,-0.3146889805793762,-0.6792146563529968,-0.0658792108297348,-0.22752664983272552,-0.7409961819648743,0.10540801286697388,-0.4424179494380951,-0.37129706144332886,0.3014484643936157,-0.45108309388160706,-0.5262568593025208,0.4672684371471405,-0.4300523102283478,-0.5891500115394592,0.6265847086906433,-0.45679810643196106,-0.6314484477043152,0.24514907598495483,-0.34874874353408813,-0.34941431879997253,0.3569517731666565,-0.09114070236682892,-0.47224971652030945,0.22489877045154572,0.04562927037477493,-0.4459407925605774,0.12186912447214127,0.04742235690355301,-0.4218009114265442,0.34604740142822266,-0.17660650610923767,-0.3473680019378662,0.3821295201778412,0.09293769299983978,-0.42613279819488525,0.263182133436203,0.1956976056098938,-0.3985169231891632,0.1784450113773346,0.18514566123485565,-0.3714075982570648
scissors,0.0,0.0,0.0,-0.15021008253097534,0.09795919805765152,-0.2836322784423828,-0.2266480028629303,0.14111708104610443,-0.49677708745002747,-0.07473000138998032,0.27159637212753296,-0.6587640047073364,0.10148920118808746,0.34449243545532227,-0.8089450001716614,-0.14421023428440094,-0.4148092567920685,-0.5218083262443542,-0.10063523799180984,-0.34449243545532227,-0.7308998703956604,-0.045095689594745636,-0.20752589404582977,-0.8628263473510742,0.047428879886865616,-0.059548668563365936,-0.9463937282562256,0.07165581732988358,-0.4639219641685486,-0.46545588970184326,0.256973534822464,-0.25580281019210815,-0.673700213432312,0.405483216047287,-0.14029353857040405,-0.7757576704025269,0.5371581315994263,-0.055251602083444595,-0.8416699767112732,0.23330117762088776,-0.38274261355400085,-0.4120769202709198,0.29454079270362854,-0.02508326806128025,-0.5592164397239685,0.18116483092308044,0.17295898497104645,-0.5539228320121765,0.07333292812108994,0.25740212202072144,-0.5468490719795227,0.34325140714645386,-0.24289976060390472,-0.3839340806007385,0.37463629245758057,0.03197816386818886,-0.4865597188472748,0.30369895696640015,0.16567343473434448,-0.4712490141391754,0.2478315681219101,0.21694910526275635,-0.4511239230632782
scissors,0.0,0.0,0.0,-0.16254855692386627,-0.0016029311809688807,-0.05839042738080025,-0.3158106803894043,-0.137717142701149,-0.06294482201337814,-0.3317151963710785,-0.35225003957748413,-0.06896531581878662,-0.307856947183609,-0.4961852729320526,-0.07210011035203934,-0.4368114173412323,-0.2673012316226959,0.019233135506510735,-0.5860477089881897,-0.3938010334968567,0.0029033201280981302,-0.673462450504303,-0.4693576395511627,-0.013062487356364727,-0.7467518448829651,-0.5366053581237793,-0.026989398524165154,-0.3640640079975128,-0.3690490424633026,0.01579151302576065,-0.4953869879245758,-0.5559487342834473,-0.006362005602568388,-0.5714843273162842,-0.6734319925308228,-0.03634689748287201,-0.6302177309989929,-0.7745168209075928,-0.05430881679058075,-0.2621191143989563,-0.4119408428668976,-0.0002206682547694072,-0.31649330258369446,-0.5556252002716064,-0.07499253004789352,-0.26092013716697693,-0.4538109600543976,-0.11091243475675583,-0.21219570934772491,-0.3719569742679596,-0.1129714623093605,-0.15149739384651184,-0.42240431904792786,-0.019332652911543846,-0.19681458175182343,-0.5093545913696289,-0.09722469747066498,-0.15365764498710632,-0.4031677544116974,-0.11393120139837265,-0.10733064264059067,-0.31761929392814636,-0.11021880060434341
scissors,0.0,0.0,0.0,-0.16818834841251373,-0.054319530725479126,-0.013611597009003162,-0.29308265447616577,-0.16195330023765564,-0.03389761969447136,-0.36574307084083557,-0.24955138564109802,-0.0691458061337471,-0.37405315041542053,-0.3539666533470154,-0.10039970278739929,-0.2575327157974243,-0.4784295856952667,0.015235833823680878,-0.35810917615890503,-0.6235570311546326,-0.026980271562933922,-0.4294242560863495,-0.7212633490562439,-0.055800337344408035,-0.48204275965690613,-0.8064608573913574,-0.07594399154186249,-0.20078833401203156,-0.5169273614883423,-0.020661095157265663,-0.34006693959236145,-0.6847473978996277,-0.07701990008354187,-0.4366590678691864,-0.7786056995391846,-0.11241692304611206,-0.5105544328689575,-0.8500415086746216,-0.12947425246238708,-0.14085964858531952,-0.5146346688270569,-0.06311842054128647,-0.3007902204990387,-0.547997772693634,-0.14433343708515167,-0.3151329755783081,-0.39179322123527527,-0.15260952711105347,-0.29867348074913025,-0.25734493136405945,-0.13589584827423096,-0.0945468544960022,-0.46509382128715515,-0.1081903874874115,-0.24235157668590546,-0.3836796283721924,-0.168380007147789,-0.27640223503112793,-0.25196611881256104,-0.17069111764431,-0.27847036719322205,-0.14310109615325928,-0.15841850638389587
scissors,0.0,0.0,0.0,0.07422002404928207,-0.200382798910141,-0.09142003208398819,0.05569924786686897,-0.40903404355049133,-0.11242848634719849,-0.008927466347813606,-0.4878893494606018,-0.11049765348434448,-0.06816703081130981,-0.4840017557144165,-0.1028280258178711,-0.16624195873737335,-0.4120977520942688,-0.11417985707521439,-0.1962433010339737,-0.6944692134857178,-0.13882531225681305,-0.2049941122531891,-0.8473777770996094,-0.1435851901769638,-0.2216750979423523,-0.9653035402297974,-0.13801905512809753,-0.23011113703250885,-0.3505620062351227,-0.06906894594430923,-0.27550217509269714,-0.6213820576667786,-0.08871454000473022,-0.303045392036438,-0.7827924489974976,-0.09119120985269547,-0.31884726881980896,-0.88371741771698,-0.08471253514289856,-0.2474217563867569,-0.2925969064235687,-0.026405146345496178,-0.17599940299987793,-0.46782180666923523,-0.05891472473740578,-0.10209810733795166,-0.44624030590057373,-0.06508573144674301,-0.05289701372385025,-0.39024263620376587,-0.05016450211405754,-0.2392106056213379,-0.24320925772190094,0.010936983861029148,-0.18151947855949402,-0.38617685437202454,-0.008230459876358509,-0.1222364529967308,-0.37060073018074036,-0.0032740163151174784,-0.08446304500102997,-0.3243987560272217,0.012739866971969604
scissors,0.0,0.0,0.0,0.04579600319266319,-0.21661245822906494,0.004567547235637903,0.0013143076794221997,-0.40869659185409546,-0.002320918720215559,-0.11858651041984558,-0.4762631356716156,-0.010038918815553188,-0.21132777631282806,-0.47378137707710266,-0.017538825049996376,-0.08735477179288864,-0.507760226726532,-0.04075967147946358,-0.150496706366539,-0.7493035793304443,-0.05963793769478798,-0.1855081021785736,-0.8784871697425842,-0.06387428194284439,-0.21210497617721558,-0.975324273109436,-0.061271168291568756,-0.19068843126296997,-0.4413812756538391,-0.04900985211133957,-0.3101707100868225,-0.6494455933570862,-0.06143388897180557,-0.3818069100379944,-0.7708632946014404,-0.063906729221344,-0.4370289742946625,-0.8530684113502502,-0.06255136430263519,-0.2583012282848358,-0.3509058356285095,-0.05065486207604408,-0.30315423011779785,-0.4921303689479828,-0.055254604667425156,-0.24736861884593964,-0.46317625045776367,-0.04085614159703255,-0.205246701836586,-0.4051734209060669,-0.02420336753129959,-0.2917686700820923,-0.2582422196865082,-0.05186032876372337,-0.2776999771595001,-0.3342324495315552,-0.04375000298023224,-0.23147684335708618,-0.31175217032432556,-0.020055199041962624,-0.20171958208084106,-0.26996204257011414,0.004155645612627268
scissors,0.0,0.0,0.0,-0.14603948593139648,0.06102428585290909,-0.12312202900648117,-0.32223019003868103,0.03430667147040367,-0.14947819709777832,-0.4346805512905121,-0.16231746971607208,-0.16450157761573792,-0.5059901475906372,-0.31042638421058655,-0.17210447788238525,-0.5092259049415588,0.12758582830429077,-0.037832774221897125,-0.7337984442710876,0.14285682141780853,-0.07002445310354233,-0.8677078485488892,0.1454627811908722,-0.09651065617799759,-0.9765576720237732,0.1554613709449768,-0.11258392035961151,-0.5002493262290955,-0.014619029127061367,-0.005383339244872332,-0.7221198678016663,-0.09811441600322723,-0.03996836394071579,-0.8600935339927673,-0.1621255874633789,-0.08568528294563293,-0.9695704579353333,-0.21861402690410614,-0.11018599569797516,-0.4376245439052582,-0.11902075260877609,0.01029520109295845,-0.5281811356544495,-0.25677773356437683,-0.07837840169668198,-0.4336722791194916,-0.29620200395584106,-0.13926245272159576,-0.35083234310150146,-0.30940255522727966,-0.14756397902965546,-0.3487960994243622,-0.19678765535354614,0.01844566874206066,-0.4296344816684723,-0.3162805438041687,-0.06151511147618294,-0.3849589228630066,-0.3846510648727417,-0.09453746676445007,-0.3220003545284271,-0.4325047433376312,-0.09601548314094543
scissors,0.0,0.0,0.0,-0.14638543128967285,-0.10099032521247864,-0.024544324725866318,-0.2146107703447342,-0.282316654920578,-0.037920910865068436,-0.18592603504657745,-0.47144758701324463,-0.06262543797492981,-0.10832802206277847,-0.5799055695533752,-0.08697707206010818,-0.16785503923892975,-0.42734020948410034,0.009996544569730759,-0.23433798551559448,-0.6077753305435181,-0.026645049452781677,-0.26981693506240845,-0.7166860103607178,-0.05061003193259239,-0.2932063639163971,-0.8130668997764587,-0.06889230012893677,-0.07890816032886505,-0.4631022810935974,-0.014514412730932236,-0.0927114337682724,-0.7262346744537354,-0.06264524161815643,-0.10257387906312943,-0.8756619691848755,-0.09885571151971817,-0.10034842044115067,-0.9877195358276367,-0.11975158005952835,0.010288692079484463,-0.4458780884742737,-0.04527904838323593,-0.020372465252876282,-0.6606380939483643,-0.12756554782390594,-0.05897117406129837,-0.5214809775352478,-0.14148885011672974,-0.06978128850460052,-0.3868837058544159,-0.12779603898525238,0.0974666178226471,-0.39716362953186035,-0.07658670842647552,0.010539122857153416,-0.4809636175632477,-0.1444832682609558,-0.04798871651291847,-0.39250466227531433,-0.14913953840732574,-0.07616981863975525,-0.30090826749801636,-0.13793516159057617
scissors,0.0,0.0,0.0,-0.11040673404932022,0.15501509606838226,0.006115139462053776,-0.1506948322057724,0.36488890647888184,-0.017597492784261703,-0.09237908571958542,0.5590482354164124,-0.04908380284905434,-0.026064619421958923,0.692764163017273,-0.08182473480701447,-0.2778801918029785,0.38888317346572876,-0.04255581647157669,-0.313734233379364,0.6240838766098022,-0.085365429520607,-0.3301522433757782,0.7659919261932373,-0.11022589355707169,-0.34605395793914795,0.8891974091529846,-0.12759174406528473,-0.23454833030700684,0.39593735337257385,-0.07024502754211426,-0.18613022565841675,0.6700937151908875,-0.11172372847795486,-0.15914276242256165,0.8398297429084778,-0.13288626074790955,-0.13994720578193665,0.978664755821228,-0.15043294429779053,-0.16375520825386047,0.38594838976860046,-0.09482719004154205,-0.03416041284799576,0.57869952917099,-0.13051478564739227,0.007148740813136101,0.5218381285667419,-0.13172097504138947,0.02001170814037323,0.46144333481788635,-0.1290319263935089,-0.07977522909641266,0.36623886227607727,-0.1198778972029686,0.03952692076563835,0.47587326169013977,-0.14288702607154846,0.08848842233419418,0.4687771797180176,-0.14281602203845978,0.1147877424955368,0.45801055431365967,-0.1404058337211609
rock,0.0,0.0,0.0,-0.3048967123031616,0.1578800082206726,-0.009828081354498863,-0.6254797577857971,0.07595692574977875,-0.003218436148017645,-0.8290652632713318,-0.19721193611621857,-0.03365747630596161,-0.8601112365722656,-0.5068132877349854,-0.057870909571647644,-0.5928674936294556,-0.30375978350639343,0.20343536138534546,-0.7702938318252563,-0.42035841941833496,0.09655728191137314,-0.6684650778770447,-0.23679475486278534,0.029852034524083138,-0.5621775984764099,-0.20086905360221863,0.006803469266742468,-0.511778712272644,-0.4583047032356262,0.15931272506713867,-0.7396275401115417,-0.5762076377868652,0.010727062821388245,-0.5701257586479187,-0.3008752465248108,-0.034007757902145386,-0.4100099802017212,-0.26996633410453796,-0.0011429021833464503,-0.40914011001586914,-0.6052590012550354,0.08413246273994446,-0.6511222124099731,-0.7033910751342773,-0.07968660444021225,-0.4777558743953705,-0.4098961055278778,-0.05699890851974487,-0.3081981837749481,-0.35413801670074463,0.028256163001060486,-0.27132973074913025,-0.7565497159957886,0.006634507328271866,-0.5196688771247864,-0.8018662333488464,-0.0853065550327301,-0.42240187525749207,-0.5657525658607483,-0.046686168760061264,-0.272067129611969,-0.4918125867843628,0.022034315392374992
rock,0.0,0.0,0.0,-0.32554447650909424,0.08605361729860306,-0.04934912547469139,-0.6159788966178894,-0.021938173100352287,-0.06211595609784126,-0.7916341423988342,-0.31194883584976196,-0.09752368181943893,-0.7725039720535278,-0.6239909529685974,-0.1177835538983345,-0.6419908404350281,-0.21412943303585052,0.14359496533870697,-0.8264475464820862,-0.3538149893283844,0.028527313843369484,-0.7226253747940063,-0.26526498794555664,-0.049174316227436066,-0.6288999915122986,-0.23866713047027588,-0.07561890780925751,-0.5366206765174866,-0.3864711821079254,0.1239233911037445,-0.6902124285697937,-0.5579807162284851,-0.010355383157730103,-0.5148299336433411,-0.36581355333328247,-0.06173507869243622,-0.3934723138809204,-0.27954763174057007,-0.04535631462931633,-0.4109392464160919,-0.5478048920631409,0.07449625432491302,-0.5669738054275513,-0.7270419001579285,-0.06012233719229698,-0.4052487313747406,-0.4904421269893646,-0.04012559354305267,-0.27010437846183777,-0.3605358302593231,0.030321860685944557,-0.2546609044075012,-0.6949016451835632,0.017948482185602188,-0.39582425355911255,-0.832187294960022,-0.045811958611011505,-0.3125624656677246,-0.6439111232757568,-0.00850504171103239,-0.21409428119659424,-0.5212451815605164,0.05215875431895256
rock,0.0,0.0,0.0,-0.3411886990070343,0.10690602660179138,-0.02947130613029003,-0.6399478316307068,-0.005464666988700628,-0.028797006234526634,-0.8144941329956055,-0.32524558901786804,-0.0536191500723362,-0.7697840332984924,-0.6347852945327759,-0.06693437695503235,-0.6397536396980286,-0.2326471358537674,0.16570024192333221,-0.8032947778701782,-0.38349199295043945,0.053939420729875565,-0.696534276008606,-0.27233028411865234,-0.027520224452018738,-0.5927791595458984,-0.22041666507720947,-0.05753779783844948,-0.5327579379081726,-0.4047248959541321,0.13851863145828247,-0.6681210994720459,-0.5840150713920593,0.0011918634409084916,-0.48760250210762024,-0.3643663823604584,-0.055919867008924484,-0.35766473412513733,-0.2555891275405884,-0.04151894897222519,-0.40842539072036743,-0.5662715435028076,0.08345979452133179,-0.5581217408180237,-0.7397469878196716,-0.05325588956475258,-0.39158767461776733,-0.49091601371765137,-0.03487388417124748,-0.2540542185306549,-0.35377633571624756,0.03521088883280754,-0.2485375702381134,-0.7075772285461426,0.02339504286646843,-0.39837348461151123,-0.8377626538276672,-0.0408051423728466,-0.30411460995674133,-0.6359086632728577,0.0015294371405616403,-0.19838465750217438,-0.5089730024337769,0.06639327108860016
rock,0.0,0.0,0.0,-0.3474537432193756,0.01047841738909483,-0.041965678334236145,-0.5959352850914001,-0.1607820987701416,-0.0802425667643547,-0.7507774829864502,-0.30530717968940735,-0.13367526233196259,-0.8457424640655518,-0.5114290118217468,-0.15218479931354523,-0.40468522906303406,-0.8403990864753723,0.09915325045585632,-0.7364864945411682,-0.6304566860198975,-0.05873623490333557,-0.6089134216308594,-0.41762641072273254,-0.16985708475112915,-0.4677540361881256,-0.4334823787212372,-0.22938194870948792,-0.3672759532928467,-0.8795584440231323,0.05641850456595421,-0.7388672232627869,-0.627850353717804,-0.11847963184118271,-0.5926994681358337,-0.4199833571910858,-0.17743302881717682,-0.4534405469894409,-0.48575863242149353,-0.18314705789089203,-0.3657475411891937,-0.8774693608283997,-0.016796234995126724,-0.7260946035385132,-0.605006754398346,-0.17092110216617584,-0.5780826807022095,-0.3816670775413513,-0.14643050730228424,-0.4339219927787781,-0.45098623633384705,-0.09691458195447922,-0.3923357427120209,-0.8179677724838257,-0.10215039551258087,-0.6702434420585632,-0.552002489566803,-0.21132290363311768,-0.5549442768096924,-0.38342273235321045,-0.20952147245407104,-0.419437974691391,-0.443888396024704,-0.1782987415790558
rock,0.0,0.0,0.0,-0.2545353174209595,-0.1444551944732666,-0.014309296384453773,-0.42488643527030945,-0.37818634510040283,-0.02900317683815956,-0.4968578815460205,-0.6035197973251343,-0.06929489225149155,-0.45012933015823364,-0.8008636832237244,-0.09562806785106659,-0.229816272854805,-0.7292443513870239,0.1215602308511734,-0.3348853588104248,-0.9225121736526489,0.0267602801322937,-0.38089436292648315,-0.7174795866012573,-0.04233260080218315,-0.34601858258247375,-0.5503217577934265,-0.07159452140331268,-0.13595488667488098,-0.7954025864601135,0.0887482538819313,-0.27491363883018494,-0.9598071575164795,-0.02262231335043907,-0.29524004459381104,-0.6978574991226196,-0.06977469474077225,-0.21396668255329132,-0.5485093593597412,-0.06275086849927902,-0.020771333947777748,-0.8560293912887573,0.03418303653597832,-0.1914578676223755,-0.9794174432754517,-0.0639181137084961,-0.2190442532300949,-0.7282347679138184,-0.06092272326350212,-0.1339077651500702,-0.5857638716697693,-0.020797647535800934,0.11372994631528854,-0.8933848738670349,-0.026311982423067093,-0.07644341886043549,-0.9701170325279236,-0.08503875136375427,-0.13943833112716675,-0.7841764688491821,-0.07223181426525116,-0.09202604740858078,-0.6437928676605225,-0.0349406935274601
rock,0.0,0.0,0.0,0.14388921856880188,-0.3509143888950348,-0.13296592235565186,0.10941118001937866,-0.740440309047699,-0.178639218211174,-0.019374234601855278,-0.9625652432441711,-0.18938365578651428,-0.1292571723461151,-0.8881725668907166,-0.18254679441452026,-0.30141356587409973,-0.6064466238021851,-0.160342738032341,-0.1811429113149643,-0.9593092203140259,-0.21659427881240845,-0.06690692901611328,-0.8280845284461975,-0.2524966597557068,-0.058351464569568634,-0.6817451119422913,-0.27552202343940735,-0.41075846552848816,-0.5162195563316345,-0.10277444124221802,-0.2646355926990509,-0.8552132248878479,-0.15436920523643494,-0.16025376319885254,-0.7484601140022278,-0.17577727138996124,-0.15330731868743896,-0.6136205792427063,-0.1868477165699005,-0.45756691694259644,-0.4583606421947479,-0.04848509281873703,-0.3301709294319153,-0.7553128600120544,-0.08746468275785446,-0.23805104196071625,-0.682963490486145,-0.0838523805141449,-0.2294117659330368,-0.566419243812561,-0.07782108336687088,-0.4706626534461975,-0.41094130277633667,-0.0027543255127966404,-0.39812183380126953,-0.6526452302932739,-0.021385928615927696,-0.3222309947013855,-0.6026692390441895,-0.008278978057205677,-0.3041912317276001,-0.5031899809837341,0.004503745120018721
rock,0.0,0.0,0.0,-0.03888988867402077,-0.310819536447525,0.012441055849194527,-0.10160773992538452,-0.6034031510353088,-0.002127941232174635,-0.1927427500486374,-0.744316041469574,-0.03424493595957756,-0.3000852167606354,-0.8113296627998352,-0.05110105499625206,0.00910826213657856,-0.9463900923728943,0.07939768582582474,-0.4080027937889099,-0.8834391832351685,-0.05351267382502556,-0.39120468497276306,-0.6519871950149536,-0.1577572375535965,-0.28521493077278137,-0.5626605153083801,-0.20939062535762787,-0.04439609497785568,-0.9643880128860474,0.036181967705488205,-0.4769035875797272,-0.8618375062942505,-0.08709775656461716,-0.424752414226532,-0.6097019910812378,-0.14082050323486328,-0.31111472845077515,-0.5388851165771484,-0.15271799266338348,-0.12671345472335815,-0.9380567669868469,-0.02215995453298092,-0.5346776843070984,-0.8366552591323853,-0.11886027455329895,-0.47535720467567444,-0.5660867691040039,-0.10868923366069794,-0.3511807322502136,-0.5045040845870972,-0.08054890483617783,-0.22466425597667694,-0.8790888786315918,-0.08513140678405762,-0.5415180921554565,-0.7651072144508362,-0.15247000753879547,-0.4912966191768646,-0.5512688755989075,-0.1460544914007187,-0.3761022984981537,-0.5080824494361877,-0.11779478937387466
rock,0.0,0.0,0.0,-0.04595636948943138,-0.25910505652427673,-0.008111999370157719,-0.022331081330776215,-0.5164636969566345,-0.027019601315259933,-0.042152855545282364,-0.7059563398361206,-0.05961809307336807,-0.07611290365457535,-0.8435109257698059,-0.074036605656147,0.3976893126964569,-0.6820892095565796,0.08217871189117432,0.07222836464643478,-0.9271389245986938,-0.027967166155576706,-0.03349822387099266,-0.7522780895233154,-0.12116943299770355,-0.00348644913174212,-0.5893101692199707,-0.17064332962036133,0.37543606758117676,-0.7450900077819824,0.047302767634391785,0.003887426108121872,-0.9656593203544617,-0.048134997487068176,-0.0702378898859024,-0.7567705512046814,-0.09454772621393204,-0.000980023411102593,-0.630001962184906,-0.10948691517114639,0.3000844419002533,-0.7835716009140015,-0.0047328658401966095,-0.06267089396715164,-0.993847131729126,-0.09132436662912369,-0.1304856240749359,-0.7666059732437134,-0.0892970934510231,-0.04933616891503334,-0.6455183625221252,-0.0717519074678421,0.1847478598356247,-0.8120973110198975,-0.06346555799245834,-0.10479012131690979,-0.9698298573493958,-0.12843692302703857,-0.15331344306468964,-0.789496898651123,-0.12868385016918182,-0.07847905158996582,-0.6677049994468689,-0.10894174128770828
rock,0.0,0.0,0.0,-0.243157759308815,-0.24427530169487,0.0006685775588266551,-0.3417808711528778,-0.5497122406959534,0.012295544147491455,-0.27663445472717285,-0.8314324617385864,-0.006676539778709412,-0.1298547089099884,-0.9913724064826965,-0.017849307507276535,-0.13021397590637207,-0.6766136288642883,0.17017214000225067,-0.15588662028312683,-0.8846094012260437,0.08635229617357254,-0.18677082657814026,-0.6991971135139465,0.02792554721236229,-0.1591385006904602,-0.581734299659729,0.0065787192434072495,0.0032377929892390966,-0.6542845368385315,0.13376936316490173,-0.02205711230635643,-0.8831685781478882,0.028852663934230804,-0.06434401869773865,-0.5979824066162109,-0.011672604829072952,-0.02238571085035801,-0.4479605257511139,0.0028032592963427305,0.15109126269817352,-0.616820216178894,0.07483873516321182,0.1220841333270073,-0.8893887996673584,-0.04250330477952957,0.055640529841184616,-0.5895030498504639,-0.01591086946427822,0.08536244183778763,-0.3954598307609558,0.05149511620402336,0.31714409589767456,-0.5409395694732666,0.014530924148857594,0.2718215882778168,-0.7966068983078003,-0.04813080653548241,0.1978236436843872,-0.6087498068809509,-0.005444672890007496,0.21281775832176208,-0.4386718273162842,0.05581260845065117
scissors,0.0,0.0,0.0,-0.15411800146102905,-0.060813058167696,-0.037950899451971054,-0.26066118478775024,-0.27599313855171204,-0.042328257113695145,-0.21338343620300293,-0.46895599365234375,-0.04924623668193817,-0.1298631876707077,-0.581084668636322,-0.05597914010286331,-0.2830156683921814,-0.45235058665275574,-0.016565410420298576,-0.3497489094734192,-0.6180928945541382,-0.04732317477464676,-0.3880610764026642,-0.7170363068580627,-0.0651601105928421,-0.4227806031703949,-0.8138666152954102,-0.0787356048822403,-0.18047542870044708,-0.5163158774375916,-0.02982962876558304,-0.2282247096300125,-0.7271131873130798,-0.06896626949310303,-0.24762389063835144,-0.8492412567138672,-0.09610854089260101,-0.2612288296222687,-0.9591599106788635,-0.10849831998348236,-0.07226778566837311,-0.5260507464408875,-0.04852346330881119,-0.0840616375207901,-0.5831750631332397,-0.12562249600887299,-0.09048271179199219,-0.3973698019981384,-0.14316272735595703,-0.09316898882389069,-0.2573689818382263,-0.13210918009281158,0.030883949249982834,-0.4998512864112854,-0.06961182504892349,0.016303688287734985,-0.45270928740501404,-0.140445739030838,0.01095650251954794,-0.28212136030197144,-0.14807471632957458,0.011259798891842365,-0.16248635947704315,-0.13731759786605835
scissors,0.0,0.0,0.0,-0.16828836500644684,-0.053546834737062454,-0.05275261402130127,-0.29493409395217896,-0.2936924993991852,-0.0632682591676712,-0.2517800033092499,-0.5076586008071899,-0.07508052885532379,-0.13604451715946198,-0.6255603432655334,-0.0863012745976448,-0.3070370554924011,-0.4977443516254425,-0.01754731312394142,-0.3731008768081665,-0.6347998380661011,-0.06121032312512398,-0.40646064281463623,-0.7172550559043884,-0.08864349126815796,-0.4324589669704437,-0.7984869480133057,-0.10778169333934784,-0.1957196146249771,-0.57773756980896,-0.02709203213453293,-0.24231357872486115,-0.7600551247596741,-0.08591940253973007,-0.2660170793533325,-0.8595342636108398,-0.12290815263986588,-0.2803889214992523,-0.9500600099563599,-0.13699640333652496,-0.0778028592467308,-0.6027162671089172,-0.04478094354271889,-0.08636963367462158,-0.6208938956260681,-0.14306850731372833,-0.08933179825544357,-0.4015157222747803,-0.164499893784523,-0.08906812220811844,-0.2445007711648941,-0.14933861792087555,0.037176914513111115,-0.5878217220306396,-0.06613156944513321,0.017481165006756783,-0.4764060378074646,-0.155464768409729,0.019039522856473923,-0.26677945256233215,-0.17026014626026154,0.02945573441684246,-0.13148795068264008,-0.1590278148651123
paper,0.0,0.0,0.0,-0.16690503060817719,-0.0033070803619921207,-0.05708212032914162,-0.3220113217830658,-0.07651203870773315,-0.08587206155061722,-0.441813200712204,-0.1523711234331131,-0.11147807538509369,-0.5410575866699219,-0.18769094347953796,-0.1379733383655548,-0.2701902687549591,-0.40062958002090454,-0.05146975815296173,-0.35884788632392883,-0.5844996571540833,-0.08955544233322144,-0.4061190187931061,-0.6985574960708618,-0.12066283822059631,-0.4400193691253662,-0.8025129437446594,-0.14640232920646667,-0.17625141143798828,-0.46637162566185,-0.060972779989242554,-0.22744746506214142,-0.6855687499046326,-0.09445920586585999,-0.2542501986026764,-0.8258472681045532,-0.12733416259288788,-0.2716994881629944,-0.9498794674873352,-0.1546233743429184,-0.08037400990724564,-0.478534460067749,-0.0793180912733078,-0.08387470245361328,-0.6969627737998962,-0.1294018030166626,-0.08836814016103745,-0.8347669243812561,-0.16902203857898712,-0.09444551914930344,-0.9587913155555725,-0.19733847677707672,0.014853391796350479,-0.446227103471756,-0.10171826183795929,0.06384733319282532,-0.602509081363678,-0.15685777366161346,0.0935622975230217,-0.7119095325469971,-0.1864691525697708,0.11544980853796005,-0.8184579014778137,-0.20605646073818207
rock,0.0,0.0,0.0,-0.30997321009635925,0.008226502686738968,-0.062443628907203674,-0.5765021443367004,-0.17293758690357208,-0.08305369317531586,-0.7126547694206238,-0.40365728735923767,-0.11067398637533188,-0.6904079914093018,-0.5849487781524658,-0.11596664041280746,-0.5188929438591003,-0.5883083939552307,0.02069740556180477,-0.6445407867431641,-0.7480663061141968,-0.0897466242313385,-0.5499260425567627,-0.48427191376686096,-0.1378072202205658,-0.4841291606426239,-0.41392675042152405,-0.1589934080839157,-0.3632955551147461,-0.6791231036186218,-0.0011395514011383057,-0.4926535189151764,-0.8606137633323669,-0.128982275724411,-0.40754884481430054,-0.5225633978843689,-0.1378180831670761,-0.3363930284976959,-0.4693121910095215,-0.10706526041030884,-0.19677793979644775,-0.7095796465873718,-0.04543573036789894,-0.31500595808029175,-0.8608645796775818,-0.16967344284057617,-0.25687098503112793,-0.5238712430000305,-0.10415694862604141,-0.19084063172340393,-0.47184324264526367,-0.022966528311371803,-0.021165570244193077,-0.7066301107406616,-0.09762996435165405,-0.1420631855726242,-0.7605792880058289,-0.1535828858613968,-0.131962388753891,-0.5213212966918945,-0.09555082768201828,-0.08358367532491684,-0.48347482085227966,-0.03341292217373848
scissors,0.0,0.0,0.0,0.03875511884689331,-0.15504373610019684,-0.09140379726886749,0.029744068160653114,-0.2894638478755951,-0.1481509655714035,-0.032655760645866394,-0.2344626486301422,-0.20526255667209625,-0.11656595021486282,-0.13554127514362335,-0.25992318987846375,-0.25142860412597656,-0.43743041157722473,-0.10071800649166107,-0.4093652367591858,-0.5935408473014832,-0.1761590540409088,-0.5060389041900635,-0.6846962571144104,-0.21915626525878906,-0.5988895893096924,-0.7631433606147766,-0.24278278648853302,-0.31864598393440247,-0.3193087875843048,-0.10843787342309952,-0.4859413504600525,-0.3986145257949829,-0.19828219711780548,-0.6044251918792725,-0.4278537333011627,-0.24987010657787323,-0.7065597772598267,-0.44800254702568054,-0.2683068513870239,-0.3329315781593323,-0.18933500349521637,-0.12411317974328995,-0.3444802761077881,-0.18599848449230194,-0.24451790750026703,-0.20510181784629822,-0.15902240574359894,-0.2741702198982239,-0.10498565435409546,-0.142014279961586,-0.25620296597480774,-0.3096397817134857,-0.05885953828692436,-0.14695049822330475,-0.2529573440551758,-0.0337420254945755,-0.24511943757534027,-0.13629642128944397,-0.04414312541484833,-0.2624448835849762,-0.04585915431380272,-0.06654633581638336,-0.24671581387519836
scissors,0.0,0.0,0.0,0.04081229865550995,-0.15038852393627167,-0.0984414741396904,0.03119918704032898,-0.2798539698123932,-0.16050896048545837,-0.03666207566857338,-0.2219673991203308,-0.22135993838310242,-0.12742817401885986,-0.12435903400182724,-0.2784172594547272,-0.2539030909538269,-0.4255586564540863,-0.11104811728000641,-0.41122564673423767,-0.584172248840332,-0.1920444816350937,-0.5078065991401672,-0.6769638061523438,-0.23663893342018127,-0.6012247204780579,-0.7554446458816528,-0.26044607162475586,-0.3236341178417206,-0.3083404004573822,-0.11674713343381882,-0.4966367483139038,-0.38350778818130493,-0.213114932179451,-0.6170743703842163,-0.41321438550949097,-0.26678168773651123,-0.7219011187553406,-0.4357931315898895,-0.2851480543613434,-0.3374235928058624,-0.18043754994869232,-0.13074955344200134,-0.3421812057495117,-0.1681888848543167,-0.2571662962436676,-0.20342127978801727,-0.13834019005298615,-0.28668510913848877,-0.10695884376764297,-0.12203297764062881,-0.26667582988739014,-0.31254562735557556,-0.05320077762007713,-0.15210042893886566,-0.25347471237182617,-0.022646425291895866,-0.25148096680641174,-0.13918577134609222,-0.029987134039402008,-0.26693224906921387,-0.05377703160047531,-0.05164807662367821,-0.24910636246204376
scissors,0.0,0.0,0.0,0.0526188388466835,-0.02612425945699215,-0.09994406253099442,0.04933826997876167,-0.12094758450984955,-0.15674297511577606,-0.047513850033283234,-0.19630323350429535,-0.20713965594768524,-0.1299062967300415,-0.2812175154685974,-0.25396934151649475,0.09640373289585114,-0.4225910007953644,-0.10169113427400589,0.16586174070835114,-0.627630352973938,-0.17721211910247803,0.2091013640165329,-0.7661943435668945,-0.22169727087020874,0.24196752905845642,-0.8856368660926819,-0.24425341188907623,0.013709220103919506,-0.4459019601345062,-0.09582678228616714,0.007788585964590311,-0.6790125966072083,-0.17830303311347961,-0.010491804219782352,-0.8357981443405151,-0.22385847568511963,-0.02509269490838051,-0.9707931876182556,-0.23860208690166473,-0.059681087732315063,-0.40417224168777466,-0.09867260605096817,-0.111477330327034,-0.4770137071609497,-0.21476642787456512,-0.09735875576734543,-0.3297264575958252,-0.23520319163799286,-0.0752594843506813,-0.22447262704372406,-0.2107144594192505,-0.11849360167980194,-0.32431572675704956,-0.10706290602684021,-0.15817125141620636,-0.3354310691356659,-0.20122358202934265,-0.13207243382930756,-0.22645339369773865,-0.20458610355854034,-0.09966059029102325,-0.14686594903469086,-0.17847009003162384
scissors,0.0,0.0,0.0,0.07651439309120178,-0.05720141530036926,-0.0901649072766304,0.07893801480531693,-0.20449845492839813,-0.1405181586742401,-0.04430785030126572,-0.327503502368927,-0.19192080199718475,-0.1626618504524231,-0.4378676116466522,-0.2321145236492157,0.12927210330963135,-0.5822986364364624,-0.03903108462691307,0.1966933310031891,-0.8170314431190491,-0.14919179677963257,0.17490489780902863,-0.9293779134750366,-0.21662065386772156,0.11897342652082443,-0.9146203994750977,-0.24059006571769714,0.011359574273228645,-0.6040427088737488,-0.04418748617172241,-0.001632807543501258,-0.8819599151611328,-0.16438356041908264,-0.03233594074845314,-0.9750370383262634,-0.2196751981973648,-0.07080311328172684,-0.941154956817627,-0.2239256650209427,-0.08847922086715698,-0.5378129482269287,-0.06675487756729126,-0.1419946700334549,-0.6732504367828369,-0.19648319482803345,-0.10257527232170105,-0.5073156356811523,-0.20272760093212128,-0.0689973384141922,-0.3708919286727905,-0.16011129319667816,-0.16342143714427948,-0.4264967441558838,-0.09665831178426743,-0.19080594182014465,-0.4539111852645874,-0.20230115950107574,-0.14656685292720795,-0.321528822183609,-0.20456770062446594,-0.10473957657814026,-0.2153758704662323,-0.1693054884672165
scissors,0.0,0.0,0.0,0.07957801967859268,-0.28608372807502747,-0.08795486390590668,0.28121116757392883,-0.4169444739818573,-0.1449805647134781,0.4657646119594574,-0.386475533246994,-0.17747750878334045,0.5593279600143433,-0.2783447802066803,-0.2026197910308838,0.2716625928878784,-0.20908161997795105,-0.2520105242729187,0.5117552876472473,-0.33644136786460876,-0.33012208342552185,0.6557483673095703,-0.3933489918708801,-0.3705001771450043,0.7802462577819824,-0.42753270268440247,-0.40296557545661926,0.30597352981567383,-0.03027588315308094,-0.22906173765659332,0.6137815117835999,-0.03192683681845665,-0.2987142503261566,0.7944493293762207,-0.015718825161457062,-0.31894704699516296,0.9402133822441101,0.02564082480967045,-0.33961933851242065,0.3196983337402344,0.0878899097442627,-0.19773584604263306,0.5912041664123535,-0.01667097955942154,-0.24715159833431244,0.5393092632293701,-0.12807784974575043,-0.20634154975414276,0.450591117143631,-0.17002025246620178,-0.1709708720445633,0.32422783970832825,0.15832628309726715,-0.17413827776908875,0.5274103879928589,0.05997771397233009,-0.22192233800888062,0.5042299628257751,-0.0416497103869915,-0.20508749783039093,0.4311434328556061,-0.08826883882284164,-0.1852392703294754
scissors,0.0,0.0,0.0,0.09287223219871521,-0.29358193278312683,-0.10038872063159943,0.31458771228790283,-0.40258660912513733,-0.16205716133117676,0.5134091377258301,-0.33859002590179443,-0.19496285915374756,0.5991385579109192,-0.2051784247159958,-0.21899038553237915,0.2609136998653412,-0.20725448429584503,-0.2714177072048187,0.508281946182251,-0.3351989984512329,-0.33813750743865967,0.6547232270240784,-0.39124786853790283,-0.3619186282157898,0.7825894951820374,-0.4266068935394287,-0.38471677899360657,0.301244854927063,-0.013838319107890129,-0.24109458923339844,0.5988877415657043,-0.009155371226370335,-0.3156736195087433,0.7860247492790222,0.006771476939320564,-0.33564236760139465,0.9334273338317871,0.045594703406095505,-0.3558572828769684,0.3264930546283722,0.1058325469493866,-0.20103885233402252,0.5959270000457764,-0.017019769176840782,-0.2595106363296509,0.5412949323654175,-0.13038542866706848,-0.22334638237953186,0.4503437280654907,-0.17186187207698822,-0.18943509459495544,0.34772592782974243,0.1738717406988144,-0.16826367378234863,0.5347518920898438,0.0359087698161602,-0.2207764834165573,0.5033132433891296,-0.06754591315984726,-0.2099437415599823,0.4278734624385834,-0.1032865047454834,-0.195047527551651
scissors,0.0,0.0,0.0,-0.04736953601241112,-0.0657566636800766,-0.11901044845581055,-0.17965678870677948,-0.09498786926269531,-0.1590505987405777,-0.33193516731262207,-0.03302587568759918,-0.18448013067245483,-0.45217737555503845,0.015267311595380306,-0.20102345943450928,-0.314871221780777,-0.40023744106292725,-0.07823564112186432,-0.44870448112487793,-0.5617101788520813,-0.13529564440250397,-0.5441741347312927,-0.665797233581543,-0.17377784848213196,-0.6353163719177246,-0.7465621829032898,-0.19752947986125946,-0.393663614988327,-0.3031003773212433,-0.05262738838791847,-0.5694655776023865,-0.4000001847743988,-0.11131191998720169,-0.6867496967315674,-0.4407719373703003,-0.14921927452087402,-0.7814726829528809,-0.4889053702354431,-0.16341210901737213,-0.41600361466407776,-0.1844576597213745,-0.03968123719096184,-0.5305147767066956,-0.13868550956249237,-0.1336192637681961,-0.4497458338737488,-0.06428756564855576,-0.1599763035774231,-0.37638401985168457,-0.029682235792279243,-0.14606936275959015,-0.39041945338249207,-0.07701648771762848,-0.03581896424293518,-0.451264888048172,0.0006624339730478823,-0.12499422580003738,-0.3911665678024292,0.053393393754959106,-0.14224028587341309,-0.3321297764778137,0.07243279367685318,-0.1287476271390915
scissors,0.0,0.0,0.0,-0.058294877409935,-0.08605613559484482,-0.131288543343544,-0.20721065998077393,-0.1500977724790573,-0.1631816178560257,-0.35559025406837463,-0.10984200984239578,-0.17691829800605774,-0.47447285056114197,-0.06915516406297684,-0.1800074428319931,-0.33450931310653687,-0.3898885250091553,-0.059682972729206085,-0.47040221095085144,-0.5523475408554077,-0.10861922055482864,-0.5615209937095642,-0.6626355051994324,-0.14202558994293213,-0.6380066275596619,-0.7533789277076721,-0.15927232801914215,-0.3860376179218292,-0.2936467230319977,-0.021454360336065292,-0.5581763982772827,-0.3842359781265259,-0.07546351850032806,-0.6803325414657593,-0.42535993456840515,-0.10945633053779602,-0.7780875563621521,-0.4713505208492279,-0.11899421364068985,-0.38953858613967896,-0.1859414279460907,-0.0008100504637695849,-0.49572131037712097,-0.14231711626052856,-0.09440897405147552,-0.42451584339141846,-0.07081156224012375,-0.12699736654758453,-0.36341896653175354,-0.04830663278698921,-0.11385440081357956,-0.36437803506851196,-0.09459461271762848,0.009809846989810467,-0.45490550994873047,-0.04875002056360245,-0.0660826712846756,-0.40826308727264404,-0.00468462286517024,-0.08127584308385849,-0.35960063338279724,0.009873778559267521,-0.0692652091383934
scissors,0.0,0.0,0.0,0.046879418194293976,-0.007637044880539179,-0.11750530451536179,0.047438476234674454,-0.0651606097817421,-0.1819762885570526,-0.029065944254398346,-0.11620337516069412,-0.23411934077739716,-0.10772661864757538,-0.16728101670742035,-0.28186383843421936,0.11435938626527786,-0.3598967492580414,-0.13657419383525848,0.20356117188930511,-0.5447156429290771,-0.22808057069778442,0.25365251302719116,-0.6781917214393616,-0.28345900774002075,0.2974216938018799,-0.7956019639968872,-0.31258684396743774,0.016722241416573524,-0.40137043595314026,-0.12176120281219482,0.004243889823555946,-0.6539046168327332,-0.2127685248851776,-0.018106162548065186,-0.8110092282295227,-0.26264479756355286,-0.030269324779510498,-0.9589760899543762,-0.28186658024787903,-0.0666835606098175,-0.36792686581611633,-0.11583144962787628,-0.12973470985889435,-0.4202437698841095,-0.2336771935224533,-0.14228224754333496,-0.2707584500312805,-0.25595131516456604,-0.14450599253177643,-0.16826796531677246,-0.23531973361968994,-0.1276237964630127,-0.29895341396331787,-0.1161973848938942,-0.1852896511554718,-0.2694976031780243,-0.20462386310100555,-0.1958286166191101,-0.17448790371418,-0.20661118626594543,-0.19643031060695648,-0.10906857997179031,-0.18417298793792725
scissors,0.0,0.0,0.0,0.17651721835136414,0.011770893819630146,-0.03952503576874733,0.2977728545665741,0.156118705868721,-0.042907509952783585,0.3326447010040283,0.31252631545066833,-0.021115362644195557,0.29966872930526733,0.40415406227111816,0.009082496166229248,0.21590980887413025,0.3660212457180023,-0.13624010980129242,0.36320969462394714,0.5804828405380249,-0.15126445889472961,0.43346256017684937,0.6985846757888794,-0.15690317749977112,0.483161985874176,0.7998282313346863,-0.1623043417930603,0.12927262485027313,0.4310890734195709,-0.09069731831550598,0.2158413678407669,0.6841902136802673,-0.10139627009630203,0.23691600561141968,0.8442853689193726,-0.09431766718626022,0.24037671089172363,0.9664049744606018,-0.09099723398685455,0.07523056864738464,0.4474458694458008,-0.03522947058081627,0.20283284783363342,0.5416842103004456,-0.0133290970697999,0.24393877387046814,0.47543635964393616,0.018050599843263626,0.24619640409946442,0.4077444076538086,0.038566239178180695,0.0485248938202858,0.43905529379844666,0.016498148441314697,0.1510760486125946,0.47690343856811523,0.029621267691254616,0.18780624866485596,0.41617053747177124,0.04450976476073265,0.18647660315036774,0.3531375527381897,0.05858713388442993
scissors,0.0,0.0,0.0,0.11758802086114883,0.16431231796741486,-0.0006424912717193365,0.11878783255815506,0.3563269376754761,-0.015139794908463955,0.043086905032396317,0.47961369156837463,-0.02699897438287735,-0.02793685346841812,0.5390477776527405,-0.03713895380496979,0.0837811604142189,0.4469156265258789,-0.08390835672616959,0.11139300465583801,0.7000740766525269,-0.11106708645820618,0.12328140437602997,0.8462241888046265,-0.12083342671394348,0.12796862423419952,0.9587701559066772,-0.12498780339956284,-0.017484666779637337,0.43321117758750916,-0.09092069417238235,-0.06659653782844543,0.6983482837677002,-0.11784670501947403,-0.10230177640914917,0.8605054020881653,-0.12472006678581238,-0.1418919861316681,0.9816692471504211,-0.12724818289279938,-0.09488393366336823,0.39762142300605774,-0.08920713514089584,-0.10720528662204742,0.5973665714263916,-0.10093088448047638,-0.06869784742593765,0.5506898164749146,-0.07047959417104721,-0.04820050299167633,0.4767720401287079,-0.04212141036987305,-0.1550035923719406,0.3557840883731842,-0.0876336544752121,-0.14769157767295837,0.5248805284500122,-0.08405517786741257,-0.11375413089990616,0.4935165345668793,-0.046484824270009995,-0.10149526596069336,0.43059274554252625,-0.012478237971663475
paper,0.0,0.0,0.0,0.13151594996452332,-0.017156897112727165,-0.08396054804325104,0.24991118907928467,-0.07125946134328842,-0.13554419577121735,0.3503507971763611,-0.11949034780263901,-0.1808796525001526,0.4485222101211548,-0.1351892501115799,-0.22472499310970306,0.2167573720216751,-0.42955660820007324,-0.08222194761037827,0.29581689834594727,-0.6024231910705566,-0.13338130712509155,0.33723345398902893,-0.7167475819587708,-0.1763036698102951,0.37092283368110657,-0.8241642713546753,-0.20902428030967712,0.1318918913602829,-0.4863165616989136,-0.08121275156736374,0.18060563504695892,-0.7012424468994141,-0.12565717101097107,0.209098219871521,-0.8384134769439697,-0.16365507245063782,0.23193463683128357,-0.9533724784851074,-0.193099245429039,0.045562781393527985,-0.48772409558296204,-0.08935143053531647,0.07403353601694107,-0.6881436705589294,-0.13467299938201904,0.10360903292894363,-0.8170521259307861,-0.16789188981056213,0.1310022622346878,-0.9282518625259399,-0.19083048403263092,-0.044387686997652054,-0.44808465242385864,-0.10554011911153793,-0.058400172740221024,-0.6148457527160645,-0.149302676320076,-0.06318541616201401,-0.7291262149810791,-0.17080286145210266,-0.060865867882966995,-0.8400681614875793,-0.1842266470193863
scissors,0.0,0.0,0.0,0.11245162039995193,-0.0702386125922203,-0.04870094731450081,0.16675235331058502,-0.2081179916858673,-0.07311716675758362,0.1256890892982483,-0.32238516211509705,-0.10140655189752579,0.0557851567864418,-0.4082706868648529,-0.1258239597082138,0.18357980251312256,-0.4720969498157501,-0.0298355370759964,0.24551896750926971,-0.6528209447860718,-0.07374181598424911,0.2777060270309448,-0.7697017192840576,-0.10298876464366913,0.2991240322589874,-0.8727830648422241,-0.12129586935043335,0.09886588901281357,-0.4925927221775055,-0.044443290680646896,0.11029123514890671,-0.7184056043624878,-0.0984569787979126,0.11881265044212341,-0.8609950542449951,-0.13501910865306854,0.1238945946097374,-0.9804307818412781,-0.15298932790756226,0.014899486675858498,-0.4521379768848419,-0.06518704444169998,0.026235777884721756,-0.5535555481910706,-0.1493743658065796,0.04993313178420067,-0.4351150095462799,-0.16873976588249207,0.05786704272031784,-0.34089958667755127,-0.15647052228450775,-0.060235776007175446,-0.37488871812820435,-0.08916636556386948,-0.031145773828029633,-0.417434424161911,-0.1604377031326294,0.013868682086467743,-0.3275676369667053,-0.1666090339422226,0.04345950856804848,-0.24628141522407532,-0.1523367017507553
scissors,0.0,0.0,0.0,0.11490370333194733,-0.0661531463265419,-0.046867724508047104,0.17669442296028137,-0.20686715841293335,-0.06729718297719955,0.14393959939479828,-0.32254934310913086,-0.09113317728042603,0.07967031002044678,-0.41432273387908936,-0.11097150295972824,0.18709485232830048,-0.47166791558265686,-0.02555084601044655,0.2525580823421478,-0.6529502868652344,-0.06552670896053314,0.28723716735839844,-0.768721878528595,-0.09158094972372055,0.3086126446723938,-0.8717845678329468,-0.10853508114814758,0.10304804891347885,-0.4940372407436371,-0.039428289979696274,0.11741339415311813,-0.7239341139793396,-0.09100233763456345,0.12870806455612183,-0.865110456943512,-0.12707728147506714,0.13311079144477844,-0.980423092842102,-0.14509351551532745,0.020894821733236313,-0.45735612511634827,-0.059385545551776886,0.035727135837078094,-0.5710482597351074,-0.1430843323469162,0.0668448880314827,-0.46246349811553955,-0.16812075674533844,0.07798900455236435,-0.37109363079071045,-0.16092444956302643,-0.05073133856058121,-0.38455304503440857,-0.08209960907697678,-0.010014067403972149,-0.4076923727989197,-0.15741053223609924,0.039430588483810425,-0.3150269091129303,-0.17209339141845703,0.06907416135072708,-0.2337949275970459,-0.1642623245716095
scissors,0.0,0.0,0.0,0.11568455398082733,-0.07035201042890549,-0.046029530465602875,0.17680974304676056,-0.21277344226837158,-0.06663775444030762,0.13600420951843262,-0.3271467983722687,-0.09045354276895523,0.06796322762966156,-0.4155292809009552,-0.110407255589962,0.1859637200832367,-0.4699779152870178,-0.027529582381248474,0.24971218407154083,-0.6518600583076477,-0.06814596801996231,0.28398412466049194,-0.7694359421730042,-0.09458249062299728,0.30422043800354004,-0.873919665813446,-0.11179838329553604,0.1003875657916069,-0.49338310956954956,-0.04164528474211693,0.11532718688249588,-0.7216145992279053,-0.0931115373969078,0.12618587911128998,-0.8631011843681335,-0.12872612476348877,0.12996405363082886,-0.9806351065635681,-0.14650702476501465,0.017518676817417145,-0.4567020535469055,-0.061468057334423065,0.0305484551936388,-0.572902500629425,-0.14365467429161072,0.06168963015079498,-0.4638565182685852,-0.1668299436569214,0.07381808757781982,-0.3724365234375,-0.15884961187839508,-0.05564853176474571,-0.38282009959220886,-0.08402875065803528,-0.017070600762963295,-0.40678679943084717,-0.15805797278881073,0.03318888694047928,-0.31609874963760376,-0.171087384223938,0.06475749611854553,-0.23643822968006134,-0.16227656602859497
scissors,0.0,0.0,0.0,0.11374787241220474,-0.06876815855503082,-0.048701170831918716,0.17578299343585968,-0.2110130935907364,-0.07120189070701599,0.1392390877008438,-0.33122512698173523,-0.09665440022945404,0.0706866905093193,-0.42361703515052795,-0.11801797151565552,0.18628621101379395,-0.4729406237602234,-0.029867418110370636,0.25093504786491394,-0.6526924967765808,-0.07163173705339432,0.28537482023239136,-0.7687047123908997,-0.09867990761995316,0.3065391480922699,-0.8712512254714966,-0.11571723967790604,0.10041455924510956,-0.49655887484550476,-0.042891401797533035,0.11533409357070923,-0.72501140832901,-0.094767726957798,0.12627801299095154,-0.8647919297218323,-0.12923385202884674,0.12974298000335693,-0.9808000922203064,-0.1455947458744049,0.016737939789891243,-0.4586453139781952,-0.06188170984387398,0.03192423656582832,-0.5701622366905212,-0.14462919533252716,0.06516409665346146,-0.45679304003715515,-0.16610077023506165,0.07871486991643906,-0.3626793324947357,-0.15606921911239624,-0.05706249549984932,-0.38303351402282715,-0.08385749906301498,-0.01638522371649742,-0.41386130452156067,-0.15677234530448914,0.0350944846868515,-0.3237673342227936,-0.16743986308574677,0.0673789530992508,-0.24271400272846222,-0.15646381676197052
rock,0.0,0.0,0.0,-0.25866422057151794,-0.08352559059858322,-0.058349356055259705,-0.473812460899353,-0.3896790146827698,-0.06670977920293808,-0.4727380871772766,-0.7357519268989563,-0.08907631784677505,-0.33499157428741455,-0.937727153301239,-0.09191545099020004,-0.4300883114337921,-0.5840466022491455,0.07874208688735962,-0.5421490669250488,-0.8187214732170105,-0.03726937249302864,-0.4734712541103363,-0.596089780330658,-0.08631736785173416,-0.40379083156585693,-0.5273334980010986,-0.0977918729186058,-0.2939935326576233,-0.6514898538589478,0.05932537466287613,-0.3860996961593628,-0.91038578748703,-0.07386302202939987,-0.33323726058006287,-0.6073371767997742,-0.08861631155014038,-0.274055540561676,-0.5497947335243225,-0.04825466126203537,-0.15009182691574097,-0.6750714778900146,0.010487237945199013,-0.23366647958755493,-0.8946278095245361,-0.1230970099568367,-0.20164677500724792,-0.5784990191459656,-0.07759972661733627,-0.1482776403427124,-0.5120336413383484,0.004198452923446894,0.011279256083071232,-0.6799790263175964,-0.0467897392809391,-0.08469143509864807,-0.8081191182136536,-0.10606853663921356,-0.08479039371013641,-0.5941968560218811,-0.059519894421100616,-0.039346009492874146,-0.5338969826698303,0.0016960757784545422
scissors,0.0,0.0,0.0,-0.1395120918750763,-0.1935432404279709,-0.02517145499587059,-0.20572029054164886,-0.4874041676521301,-0.052268147468566895,-0.12144019454717636,-0.6764188408851624,-0.09511806070804596,0.041508059948682785,-0.690361738204956,-0.13340671360492706,-0.03709285333752632,-0.7038913369178772,0.021801479160785675,0.001309204031713307,-0.9464660882949829,-0.08141617476940155,-0.07599179446697235,-0.9646829962730408,-0.14668717980384827,-0.14748220145702362,-0.9001073241233826,-0.17195981740951538,0.06872667372226715,-0.6679513454437256,-0.01683185249567032,0.1457947939634323,-0.9796625971794128,-0.13785851001739502,0.032854966819286346,-0.9623918533325195,-0.18496964871883392,-0.05828038975596428,-0.8546926379203796,-0.1757746934890747,0.1612570583820343,-0.5895781517028809,-0.06894581019878387,0.10907602310180664,-0.7475380897521973,-0.19010990858078003,0.0032036970369517803,-0.5664680600166321,-0.19538289308547974,-0.032295990735292435,-0.41323530673980713,-0.1519727110862732,0.2404167652130127,-0.4719485938549042,-0.12363411486148834,0.13200412690639496,-0.5877020359039307,-0.1908980756998062,0.05730295553803444,-0.44394451379776,-0.1728871911764145,0.05641702562570572,-0.325680673122406,-0.13401003181934357
rock,0.0,0.0,0.0,0.21792611479759216,-0.0333159975707531,-0.13094757497310638,0.49515146017074585,-0.18314813077449799,-0.20928716659545898,0.5800104737281799,-0.4364831745624542,-0.2744760811328888,0.4583989679813385,-0.6415120363235474,-0.3141646683216095,0.4347992241382599,-0.741283118724823,-0.09431497007608414,0.5760788321495056,-0.7841504812240601,-0.2307407706975937,0.4897546172142029,-0.505915105342865,-0.28670209646224976,0.41944193840026855,-0.4752344787120819,-0.31222590804100037,0.27504169940948486,-0.8342897891998291,-0.0948389545083046,0.418807715177536,-0.848438024520874,-0.2422482669353485,0.34562575817108154,-0.4966628849506378,-0.2639283537864685,0.2854466438293457,-0.5095642805099487,-0.24774061143398285,0.10672575980424881,-0.8478415012359619,-0.11512111127376556,0.22987596690654755,-0.8480345010757446,-0.2729637622833252,0.1930304318666458,-0.49638697504997253,-0.2215650975704193,0.13447411358356476,-0.4887162446975708,-0.1535882204771042,-0.07740333676338196,-0.8127850294113159,-0.14420649409294128,0.04036833718419075,-0.7495378851890564,-0.24557963013648987,0.051961690187454224,-0.49820801615715027,-0.20108520984649658,0.013817163184285164,-0.4814218282699585,-0.1431206464767456
paper,0.0,0.0,0.0,0.14497533440589905,-0.01475563459098339,-0.07956266403198242,0.2829471528530121,-0.07595252990722656,-0.12574155628681183,0.4021296799182892,-0.12433204054832458,-0.16615454852581024,0.504841148853302,-0.13947856426239014,-0.20576892793178558,0.22330841422080994,-0.43956854939460754,-0.07260803133249283,0.30621036887168884,-0.614885687828064,-0.11911889165639877,0.3506166636943817,-0.7271319031715393,-0.15880373120307922,0.386447936296463,-0.8286992907524109,-0.18850331008434296,0.1371305137872696,-0.496227502822876,-0.07098711282014847,0.19010940194129944,-0.7125734686851501,-0.10981905460357666,0.2199014127254486,-0.8462499976158142,-0.14423061907291412,0.24178744852542877,-0.9551301002502441,-0.1710713654756546,0.04889499396085739,-0.5014625191688538,-0.07839421182870865,0.08259329199790955,-0.706312358379364,-0.11841730028390884,0.11173632740974426,-0.8299506306648254,-0.14719627797603607,0.13715501129627228,-0.9337863326072693,-0.16697004437446594,-0.04553258419036865,-0.4665493071079254,-0.09375549107789993,-0.05399765446782112,-0.6405321955680847,-0.1329054832458496,-0.05282920226454735,-0.7556032538414001,-0.15076260268688202,-0.045068785548210144,-0.8641512989997864,-0.16127823293209076
paper,0.0,0.0,0.0,0.12936587631702423,-0.05910009890794754,-0.021452829241752625,0.228634312748909,-0.18279778957366943,-0.040751367807388306,0.30194759368896484,-0.2661958932876587,-0.06498675793409348,0.35482800006866455,-0.32597434520721436,-0.09381676465272903,0.18036483228206635,-0.4655430316925049,-0.044129665940999985,0.2296598106622696,-0.6545109748840332,-0.09025143831968307,0.25334346294403076,-0.7661164999008179,-0.12682563066482544,0.27130642533302307,-0.8680360913276672,-0.15504901111125946,0.11864844709634781,-0.47546660900115967,-0.07285536080598831,0.1448051929473877,-0.7061076760292053,-0.11787987500429153,0.15617839992046356,-0.8477806448936462,-0.1570141762495041,0.15710550546646118,-0.9697229266166687,-0.18696343898773193,0.05423483997583389,-0.43670418858528137,-0.1046743243932724,0.06414578855037689,-0.6634869575500488,-0.15139517188072205,0.07088036090135574,-0.8032270669937134,-0.18463395535945892,0.07002769410610199,-0.9307894110679626,-0.20838795602321625,-0.014014297164976597,-0.35989344120025635,-0.13800008594989777,-0.016748173162341118,-0.524604856967926,-0.18766671419143677,-0.012107443064451218,-0.638884961605072,-0.2122671753168106,-0.012508046813309193,-0.7494103312492371,-0.2281872183084488
paper,0.0,0.0,0.0,0.12333954870700836,-0.07872669398784637,0.04930591210722923,0.16361255943775177,-0.20408526062965393,0.06870235502719879,0.18381068110466003,-0.27699193358421326,0.06754672527313232,0.18959516286849976,-0.33057600259780884,0.06114093214273453,0.11846208572387695,-0.4688897430896759,0.07291185855865479,0.16603627800941467,-0.6338294744491577,0.05815889686346054,0.19848418235778809,-0.7525022625923157,0.036643218249082565,0.22051429748535156,-0.8566237092018127,0.016448594629764557,0.09554629772901535,-0.48039308190345764,0.01523181889206171,0.14608238637447357,-0.6970091462135315,-0.005762518383562565,0.18034659326076508,-0.8485575914382935,-0.0341266393661499,0.20400376617908478,-0.9772903323173523,-0.057323794811964035,0.08108799904584885,-0.46441760659217834,-0.045628175139427185,0.14037491381168365,-0.6780775189399719,-0.07363617420196533,0.17840175330638885,-0.8237414360046387,-0.10436945408582687,0.20245085656642914,-0.948921799659729,-0.12747520208358765,0.08502789586782455,-0.42324399948120117,-0.104242704808712,0.15698079764842987,-0.5843532085418701,-0.12941353023052216,0.20212748646736145,-0.6916738152503967,-0.14592775702476501,0.23885945975780487,-0.7896984815597534,-0.160905659198761
paper,0.0,0.0,0.0,-0.13240697979927063,-0.11213557422161102,-0.048930104821920395,-0.22856847941875458,-0.23969663679599762,-0.10486189275979996,-0.3269103765487671,-0.3546343445777893,-0.15407438576221466,-0.42291927337646484,-0.40697383880615234,-0.20610588788986206,-0.04528838396072388,-0.45437484979629517,-0.1190342977643013,-0.05777730420231819,-0.6935455799102783,-0.16621392965316772,-0.057460907846689224,-0.8318479061126709,-0.19491182267665863,-0.0527883879840374,-0.9469727873802185,-0.21411967277526855,0.048173729330301285,-0.44993963837623596,-0.12094869464635849,0.08392795920372009,-0.702578604221344,-0.16001449525356293,0.107098788022995,-0.8515234589576721,-0.18016387522220612,0.12842200696468353,-0.9721285700798035,-0.19614718854427338,0.1184488981962204,-0.40589243173599243,-0.12202128022909164,0.17299538850784302,-0.6217147707939148,-0.15214267373085022,0.20829549431800842,-0.7632846832275391,-0.1700013279914856,0.2341679185628891,-0.8775194883346558,-0.18462099134922028,0.17187322676181793,-0.34884318709373474,-0.1251133233308792,0.22923611104488373,-0.5080169439315796,-0.1493290215730667,0.25974732637405396,-0.6103804111480713,-0.15443868935108185,0.28562361001968384,-0.7076014280319214,-0.15785753726959229
rock,0.0,0.0,0.0,-0.10039443522691727,-0.2401711493730545,-0.10510355979204178,-0.09947318583726883,-0.5968116521835327,-0.1520940363407135,0.06753940135240555,-0.8105988502502441,-0.19992834329605103,0.26320669054985046,-0.8051655888557434,-0.22234874963760376,0.14045819640159607,-0.793193519115448,-0.0026987441815435886,0.213942751288414,-0.967061460018158,-0.13791556656360626,0.10332948714494705,-0.7701631188392639,-0.18805505335330963,0.10458961874246597,-0.7088525891304016,-0.20438149571418762,0.26349198818206787,-0.6704020500183105,-0.00952742900699377,0.3310594856739044,-0.810096263885498,-0.15289092063903809,0.15837615728378296,-0.5669518113136292,-0.15026865899562836,0.17198492586612701,-0.5547524094581604,-0.10701600462198257,0.36209291219711304,-0.5165132284164429,-0.049465958029031754,0.4411975145339966,-0.6379516124725342,-0.2003694623708725,0.25888288021087646,-0.432124525308609,-0.1403173953294754,0.2595769762992859,-0.41966673731803894,-0.05658990889787674,0.45308810472488403,-0.3331775367259979,-0.10097852349281311,0.5025061368942261,-0.44621768593788147,-0.1801721453666687,0.3650987446308136,-0.3227626383304596,-0.1321764439344406,0.34685906767845154,-0.29248273372650146,-0.07154995203018188
rock,0.0,0.0,0.0,-0.2709018886089325,-0.0004860620538238436,-0.09598471224308014,-0.5503504872322083,-0.3002797067165375,-0.11354220658540726,-0.5657564401626587,-0.709945797920227,-0.13208584487438202,-0.39256078004837036,-0.895519495010376,-0.13022518157958984,-0.43919306993484497,-0.6451543569564819,0.008649339899420738,-0.5045884847640991,-0.8527531027793884,-0.13491690158843994,-0.4631994962692261,-0.5800099968910217,-0.2095761001110077,-0.42884090542793274,-0.5021306276321411,-0.245665043592453,-0.26444774866104126,-0.6961830854415894,0.004194139968603849,-0.3283214867115021,-0.8942195177078247,-0.14385631680488586,-0.2904442548751831,-0.5360350012779236,-0.1631566733121872,-0.26335400342941284,-0.4887526333332062,-0.13936564326286316,-0.09887349605560303,-0.7172023057937622,-0.032165978103876114,-0.14916782081127167,-0.929778516292572,-0.18516218662261963,-0.13227809965610504,-0.5570439100265503,-0.12974554300308228,-0.10355808585882187,-0.47597673535346985,-0.05115503445267677,0.08167457580566406,-0.7304012775421143,-0.07978737354278564,0.021343547850847244,-0.872023344039917,-0.16746903955936432,0.01847662217915058,-0.5920141935348511,-0.12363465875387192,0.04245864972472191,-0.5015174746513367,-0.06785129755735397
rock,0.0,0.0,0.0,-0.2338917851448059,-0.08706945925951004,-0.09515038132667542,-0.4486611783504486,-0.3702434003353119,-0.1308920979499817,-0.4387558698654175,-0.7161086797714233,-0.16942429542541504,-0.2691534757614136,-0.881947934627533,-0.1843510866165161,-0.3132326006889343,-0.7266848087310791,0.012300245463848114,-0.35389354825019836,-0.9266675710678101,-0.12667512893676758,-0.33971697092056274,-0.6559250950813293,-0.18804480135440826,-0.3083648681640625,-0.6159809827804565,-0.21375229954719543,-0.15305225551128387,-0.7327113747596741,0.002952022012323141,-0.1921510547399521,-0.9121249914169312,-0.14163030683994293,-0.19862915575504303,-0.5731163024902344,-0.15152007341384888,-0.17034660279750824,-0.5712352395057678,-0.1183534637093544,-0.0026089707389473915,-0.7116641998291016,-0.038778334856033325,-0.031915031373500824,-0.9014034271240234,-0.1842297464609146,-0.05746421962976456,-0.5725674033164978,-0.12650218605995178,-0.02595815435051918,-0.5503364205360413,-0.0454971119761467,0.16421464085578918,-0.6751471161842346,-0.09199827909469604,0.11434842646121979,-0.814193069934845,-0.16393440961837769,0.07801659405231476,-0.5800957083702087,-0.11426343768835068,0.10232271999120712,-0.5238687992095947,-0.05375595763325691
rock,0.0,0.0,0.0,0.25347158312797546,-0.16660094261169434,0.06254662573337555,0.3722144365310669,-0.40303125977516174,0.06601673364639282,0.34797415137290955,-0.6136022210121155,0.05712023749947548,0.23487991094589233,-0.7298131585121155,0.0453893207013607,0.4584164023399353,-0.6002631187438965,0.0019022973719984293,0.45171135663986206,-0.8921641111373901,-0.00035047042183578014,0.39072564244270325,-0.8054413199424744,-0.004032254219055176,0.3692711293697357,-0.6847492456436157,-0.004893326200544834,0.29394614696502686,-0.6930758953094482,-0.035415634512901306,0.28048673272132874,-0.9034326672554016,0.004734712187200785,0.2305377870798111,-0.8188538551330566,0.03042915277183056,0.22076278924942017,-0.717642068862915,0.03417694941163063,0.11910633742809296,-0.7370387315750122,-0.06282570958137512,0.12641283869743347,-0.8973934650421143,-0.008984911255538464,0.08832138776779175,-0.8147929906845093,0.032680463045835495,0.0738958790898323,-0.7201535105705261,0.04076845943927765,-0.04237618297338486,-0.7437711358070374,-0.08603174239397049,-0.00994028802961111,-0.8523925542831421,-0.029304971918463707,-0.029146410524845123,-0.7624010443687439,0.03055289201438427,-0.03737805783748627,-0.675958514213562,0.06705371290445328
rock,0.0,0.0,0.0,-0.2831117808818817,-0.15389057993888855,-0.0495324470102787,-0.4732622802257538,-0.45795854926109314,-0.051914945244789124,-0.4667155146598816,-0.8077816367149353,-0.07171045988798141,-0.2967953085899353,-0.951872706413269,-0.07649095356464386,-0.39872217178344727,-0.6364281177520752,0.12472093105316162,-0.4427124261856079,-0.8829680681228638,0.01651819236576557,-0.39745450019836426,-0.6900238394737244,-0.05554860085248947,-0.3674072027206421,-0.586898148059845,-0.08430608361959457,-0.24733415246009827,-0.6890280842781067,0.10936804860830307,-0.27087560296058655,-0.9327307343482971,-0.012115619145333767,-0.22788597643375397,-0.6336430907249451,-0.056273240596055984,-0.20586398243904114,-0.5046558380126953,-0.04296785220503807,-0.0941988006234169,-0.713854193687439,0.06564990431070328,-0.1164972260594368,-0.9529242515563965,-0.062092870473861694,-0.09438366442918777,-0.6345564723014832,-0.0432196781039238,-0.07464172691106796,-0.466785728931427,0.020257581025362015,0.07132013142108917,-0.698846697807312,0.01519953552633524,0.0391741506755352,-0.8896610140800476,-0.048959750682115555,0.025176074355840683,-0.6656607389450073,-0.014836303889751434,0.026819704100489616,-0.5144239664077759,0.039573270827531815
rock,0.0,0.0,0.0,0.059746965765953064,-0.24882051348686218,-0.012356252409517765,0.07356694340705872,-0.5740561485290527,-0.05276302620768547,0.0061852275393903255,-0.8478824496269226,-0.09519904106855392,-0.058608680963516235,-0.9467839002609253,-0.12206090241670609,0.3877544105052948,-0.6448584794998169,-0.031906191259622574,0.17967326939105988,-0.978126585483551,-0.10481303185224533,0.09915170818567276,-0.8510880470275879,-0.14819757640361786,0.12480487674474716,-0.7496082186698914,-0.17461897432804108,0.335049569606781,-0.6279524564743042,-0.061285290867090225,0.08897639811038971,-0.9466567039489746,-0.12412907183170319,0.03631821647286415,-0.8005614280700684,-0.12551872432231903,0.07552706450223923,-0.7056756615638733,-0.12504041194915771,0.24243083596229553,-0.6100063323974609,-0.09658161550760269,0.009867269545793533,-0.8809137344360352,-0.13852186501026154,-0.03885994479060173,-0.7275354862213135,-0.1044754832983017,-0.000863567169290036,-0.6332177519798279,-0.08455067127943039,0.12279490381479263,-0.5859563946723938,-0.13775396347045898,-0.07282160967588425,-0.7506653070449829,-0.17578913271427155,-0.1038636565208435,-0.6227241158485413,-0.16922202706336975,-0.06403495371341705,-0.5383667349815369,-0.15933015942573547
rock,0.0,0.0,0.0,0.2223481386899948,-0.18479441106319427,0.05198614299297333,0.3396521806716919,-0.44194915890693665,0.039152394980192184,0.3009146451950073,-0.6694496273994446,0.015441044233739376,0.1994960755109787,-0.790795624256134,-0.011557652615010738,0.4393567442893982,-0.5806512832641602,-0.05045109987258911,0.38210785388946533,-0.9201178550720215,-0.08588829636573792,0.3187752664089203,-0.8254438638687134,-0.10153524577617645,0.3176126182079315,-0.7042065262794495,-0.10831071436405182,0.27085110545158386,-0.6285638809204102,-0.09690956026315689,0.20579035580158234,-0.9112580418586731,-0.10145813226699829,0.15303213894367218,-0.8111469745635986,-0.07816269248723984,0.1657644361257553,-0.7014021873474121,-0.07044980674982071,0.098237544298172,-0.6563887000083923,-0.13486866652965546,0.05424179881811142,-0.8926201462745667,-0.12253127247095108,0.012476158328354359,-0.7921733260154724,-0.07225071638822556,0.025556277483701706,-0.6891511082649231,-0.050239987671375275,-0.06574635207653046,-0.6613731980323792,-0.16876175999641418,-0.08231359720230103,-0.8548824191093445,-0.14345180988311768,-0.1022588312625885,-0.7574137449264526,-0.08477330952882767,-0.09302401542663574,-0.6633672714233398,-0.045738305896520615
rock,0.0,0.0,0.0,-0.04195442050695419,-0.3241710662841797,-0.0819167047739029,0.0027848221361637115,-0.6473305225372314,-0.14240777492523193,0.08601879328489304,-0.8558125495910645,-0.20357859134674072,0.2136099934577942,-0.8299162983894348,-0.23654955625534058,0.4699483811855316,-0.6872441172599792,-0.011014844290912151,0.3446524143218994,-0.929151713848114,-0.13375979661941528,0.19639454782009125,-0.7736307382583618,-0.19348284602165222,0.19953010976314545,-0.666053295135498,-0.22266128659248352,0.5385336875915527,-0.5552842617034912,-0.027313953265547752,0.32468459010124207,-0.7692727446556091,-0.15536119043827057,0.16447284817695618,-0.5809070467948914,-0.16143706440925598,0.1999787539243698,-0.4894509017467499,-0.13479427993297577,0.5472634434700012,-0.39792966842651367,-0.06963060796260834,0.31376129388809204,-0.5887506604194641,-0.19078946113586426,0.16637441515922546,-0.4202278256416321,-0.14515827596187592,0.20988374948501587,-0.3317869305610657,-0.08460568636655807,0.5100637674331665,-0.23253658413887024,-0.12523004412651062,0.29212573170661926,-0.3772941529750824,-0.19944407045841217,0.18552854657173157,-0.2704924941062927,-0.18235546350479126,0.22292460501194,-0.191849485039711,-0.1459876000881195
rock,0.0,0.0,0.0,-0.1577862948179245,-0.2087852954864502,-0.09525664895772934,-0.20592403411865234,-0.5207322239875793,-0.12264730781316757,-0.10805393010377884,-0.8022711277008057,-0.15200066566467285,0.013955599628388882,-0.9369591474533081,-0.15612153708934784,-0.16291619837284088,-0.7450788021087646,0.030247434973716736,-0.0847092792391777,-0.9903565645217896,-0.1096276119351387,-0.10912559926509857,-0.7567901611328125,-0.17161211371421814,-0.13482169806957245,-0.657230794429779,-0.18532374501228333,-0.02483224682509899,-0.690727710723877,0.03203028813004494,0.06762449443340302,-0.8873792886734009,-0.11268056184053421,0.007311200723052025,-0.606616735458374,-0.13632461428642273,-0.03785701468586922,-0.5727986693382263,-0.11105837672948837,0.10103994607925415,-0.6278040409088135,0.002054237062111497,0.195039302110672,-0.780507504940033,-0.14663521945476532,0.11392388492822647,-0.5203282237052917,-0.11709311604499817,0.060846734791994095,-0.48528704047203064,-0.052712853997945786,0.22054792940616608,-0.5507619380950928,-0.03772101551294327,0.29499202966690063,-0.6734572052955627,-0.11466901749372482,0.22946782410144806,-0.4949018359184265,-0.0827898159623146,0.17914101481437683,-0.4369954764842987,-0.03315392881631851
scissors,0.0,0.0,0.0,-0.053227730095386505,-0.20852267742156982,-0.031304653733968735,-0.05526037514209747,-0.4615847170352936,-0.06602515280246735,-0.07565926015377045,-0.6334470510482788,-0.10825099796056747,-0.1061883345246315,-0.7751370072364807,-0.1499110907316208,0.22083787620067596,-0.49719247221946716,-0.03228677064180374,0.26321175694465637,-0.699856162071228,-0.10229102522134781,0.2764184772968292,-0.8244458436965942,-0.14858055114746094,0.2878711521625519,-0.9407421350479126,-0.1792607456445694,0.2864474058151245,-0.4130590558052063,-0.06622093170881271,0.34281113743782043,-0.6214063763618469,-0.18125346302986145,0.24973024427890778,-0.7016171216964722,-0.22802422940731049,0.15951569378376007,-0.7359021902084351,-0.22939805686473846,0.3108964264392853,-0.31038132309913635,-0.10567554086446762,0.20458437502384186,-0.4474475085735321,-0.20223265886306763,0.1193680465221405,-0.3474927842617035,-0.20034343004226685,0.1016225516796112,-0.2501017451286316,-0.16937337815761566,0.29773932695388794,-0.2084299772977829,-0.14982613921165466,0.16772545874118805,-0.3077003061771393,-0.20516620576381683,0.10801297426223755,-0.23276415467262268,-0.19449211657047272,0.11979354918003082,-0.1524595469236374,-0.1702965795993805
paper,0.0,0.0,0.0,0.15192893147468567,-0.034991756081581116,-0.0798272117972374,0.2932547926902771,-0.12076745182275772,-0.12240435183048248,0.40049707889556885,-0.19882561266422272,-0.15983445942401886,0.48738959431648254,-0.24574191868305206,-0.19652973115444183,0.20069053769111633,-0.4571613669395447,-0.06442034989595413,0.25512805581092834,-0.6442519426345825,-0.1094517782330513,0.2838895916938782,-0.7578332424163818,-0.15001387894153595,0.3084060549736023,-0.8635679483413696,-0.18086500465869904,0.11401002109050751,-0.5001826882362366,-0.06227622181177139,0.14458799362182617,-0.7168894410133362,-0.10138022154569626,0.16269312798976898,-0.8542071580886841,-0.14006264507770538,0.1763128638267517,-0.9695788025856018,-0.16979624330997467,0.029594173654913902,-0.4949357211589813,-0.069424569606781,0.04694206267595291,-0.7000195980072021,-0.10831373184919357,0.061699558049440384,-0.8274548649787903,-0.13916663825511932,0.07496954500675201,-0.939174234867096,-0.16060522198677063,-0.0567488968372345,-0.45070531964302063,-0.08490712940692902,-0.06667288392782211,-0.6171632409095764,-0.12261628359556198,-0.07122140377759933,-0.7282357811927795,-0.14128214120864868,-0.07218178361654282,-0.8333866596221924,-0.15257781744003296
paper,0.0,0.0,0.0,0.15059521794319153,-0.05554445460438728,-0.08212441951036453,0.2766842544078827,-0.18199637532234192,-0.11800862103700638,0.352083683013916,-0.30858513712882996,-0.14934499561786652,0.4075970947742462,-0.4301396310329437,-0.17566823959350586,0.2112453132867813,-0.5269662737846375,-0.03817479684948921,0.2756003737449646,-0.6855546832084656,-0.09576689451932907,0.3255276083946228,-0.7619627714157104,-0.1465018093585968,0.37624362111091614,-0.8073331117630005,-0.17917609214782715,0.10870717465877533,-0.5781282782554626,-0.03494849056005478,0.12092313170433044,-0.7952178716659546,-0.08207819610834122,0.15407155454158783,-0.9050500392913818,-0.12364421784877777,0.20032568275928497,-0.9677554368972778,-0.1527056246995926,0.008260137401521206,-0.5679884552955627,-0.0462779626250267,0.016369355842471123,-0.7724493741989136,-0.09910784661769867,0.05256912484765053,-0.8738619685173035,-0.13436996936798096,0.10605848580598831,-0.9380835890769958,-0.15496107935905457,-0.09297734498977661,-0.5129027962684631,-0.0661349669098854,-0.1172599047422409,-0.6790491938591003,-0.11472585797309875,-0.11953689903020859,-0.793637216091156,-0.13957777619361877,-0.10276899486780167,-0.8885911703109741,-0.15322792530059814
scissors,0.0,0.0,0.0,0.10376012325286865,-0.2208341658115387,0.011313936673104763,0.283081591129303,-0.2992612421512604,-0.017610756680369377,0.43501242995262146,-0.23942497372627258,-0.051350850611925125,0.5330685377120972,-0.1654643714427948,-0.08120324462652206,0.3240038752555847,-0.41839101910591125,-0.0888284295797348,0.5438916683197021,-0.5099247694015503,-0.13377068936824799,0.6752318739891052,-0.5653024911880493,-0.15428794920444489,0.780705988407135,-0.6025406718254089,-0.16565895080566406,0.34439992904663086,-0.28351885080337524,-0.12335631251335144,0.6079149842262268,-0.2986573874950409,-0.1673235148191452,0.7654587030410767,-0.3021046817302704,-0.18112555146217346,0.8890994191169739,-0.2933482527732849,-0.19174596667289734,0.34743350744247437,-0.13590627908706665,-0.14859500527381897,0.5392351746559143,-0.11005102843046188,-0.1740468442440033,0.4743522107601166,-0.11786804348230362,-0.136082261800766,0.3998630940914154,-0.12481196969747543,-0.10414595156908035,0.3400748372077942,0.004256111104041338,-0.1746467649936676,0.4976726472377777,-0.006546013057231903,-0.16833814978599548,0.4533742666244507,-0.014799916185438633,-0.11570026725530624,0.3940616846084595,-0.014872201718389988,-0.0747084990143776
scissors,0.0,0.0,0.0,-0.04254395514726639,-0.21955746412277222,0.04395873099565506,-0.013833138160407543,-0.38257503509521484,0.044926658272743225,0.07728399336338043,-0.4658708870410919,0.03640969842672348,0.15679150819778442,-0.46481314301490784,0.02764391340315342,0.017635324969887733,-0.5172504782676697,-0.02394220232963562,0.07854308933019638,-0.7500130534172058,-0.042941201478242874,0.11063826084136963,-0.8878636956214905,-0.05054262652993202,0.13866113126277924,-0.9889511466026306,-0.05242770165205002,0.10833760350942612,-0.4753785729408264,-0.05464377999305725,0.20517399907112122,-0.7056131362915039,-0.07325383275747299,0.26283031702041626,-0.8418108224868774,-0.08432547748088837,0.3086203336715698,-0.9256314635276794,-0.09010862559080124,0.19181238114833832,-0.39886006712913513,-0.0731128379702568,0.2716647982597351,-0.5018884539604187,-0.06564704328775406,0.23819097876548767,-0.46955808997154236,-0.03755837306380272,0.19877074658870697,-0.4183657765388489,-0.014906969852745533,0.2545848488807678,-0.30628666281700134,-0.08974814414978027,0.2925853431224823,-0.38250666856765747,-0.057129889726638794,0.26083776354789734,-0.3528169095516205,-0.011118150316178799,0.23375889658927917,-0.30743464827537537,0.02529076486825943
scissors,0.0,0.0,0.0,0.07973765581846237,-0.24805812537670135,0.06673907488584518,0.0770915076136589,-0.4758463203907013,0.05823589861392975,-0.005467834882438183,-0.6177021265029907,0.03499815613031387,-0.10065671801567078,-0.6854875087738037,0.007644453551620245,0.12365929037332535,-0.5841038823127747,-0.04145602509379387,0.03049660287797451,-0.8699250221252441,-0.0788600966334343,-0.05790913477540016,-0.9409568905830383,-0.08022455871105194,-0.1255788654088974,-0.9463377594947815,-0.0729641318321228,0.036713022738695145,-0.5587031841278076,-0.10174953192472458,-0.05405191332101822,-0.9001010656356812,-0.13835196197032928,-0.15147477388381958,-0.970003068447113,-0.13374552130699158,-0.22127322852611542,-0.9674408435821533,-0.12286734580993652,-0.06634145230054855,-0.4994204044342041,-0.1509723663330078,-0.21765859425067902,-0.7210482954978943,-0.164790540933609,-0.23127368092536926,-0.6162716150283813,-0.13370825350284576,-0.1949760615825653,-0.5260234475135803,-0.10988571494817734,-0.17210553586483002,-0.4155300557613373,-0.19449588656425476,-0.2901216149330139,-0.5189117193222046,-0.19771210849285126,-0.2771618068218231,-0.44731125235557556,-0.16918540000915527,-0.22647100687026978,-0.3980674743652344,-0.1451975554227829
